VIN,Make,Model,Type,Year,Color,Miles,Used/New,SellerID,KBB,Daily Rental Price,MPG
DI0TNSP4OQ27LUMPP,Volkswagen,Passat,Sedan,1999,Green,126532,Used,1341,17399,51,38
FG7WYYGC23S0GXKEU,Toyota,Camry,Coupe,2002,Blue,142615,Used,1025,14207,128,27
9GX1KUNZ2Z696O2SM,Toyota,Corolla,Sedan,1994,Gray,69445,Used,1084,14695,114,30
NHIABC44FCBJZM66W,Honda,Civic,Coupe,2008,Gray,132218,Used,1142,22376,101,17
YJ4F9OKRMOQ1I6DKR,BMW,M3,Sports,1996,Gray,61993,Used,1322,31882,77,7
VTLD2MBS03WTIZ80U,Nissan,Altima,Sedan,1994,Red,38111,Used,1119,10105,64,35
5DTZPUQ9ODZVYU24E,Volkswagen,Passat,Sedan,2001,Green,138316,Used,1119,21098,82,21
6A48F7YOZG8TMR8ZL,Honda,Civic,Sedan,1997,Gray,35625,Used,1237,14753,138,40
07QY332UB8YCM5096,Volkswagen,Passat,Sedan,2014,Gray,119208,Used,1251,35578,146,41
MTRDMF6Z1T5ME5M8G,Ford,Explorer,SUV,1990,Gray,97756,Used,1406,5665,88,11
Y8LNPAV317THQB8HH,Ford,F150,Truck,1997,Gray,104125,Used,1077,7173,124,19
IFVANH0Z9CH2P93D8,Toyota,Corolla,Sedan,1991,White,47266,Used,1005,10940,149,13
QWOXVFAZA6MQMQ6VS,Honda,Civic,Sedan,1996,Black,88539,Used,1153,12550,94,37
OW6YR8DWTAZTJ033W,Honda,Civic,Coupe,1996,Blue,115277,Used,1464,8037,140,14
RL3RALSZ16W4OXZWF,BMW,335i,Luxury,2006,White,31403,Used,1338,34802,179,38
HO3EB3N2R62ZAEWFM,Toyota,Corolla,Sedan,1999,Gray,46742,Used,1168,19617,74,37
X84EN6I266O2PST4L,Honda,Accord,Sedan,2007,White,57573,Used,1217,22457,53,40
VBA5TS5DBYHH6E6GW,Volkswagen,Passat,Sedan,2006,White,70924,Used,1278,38024,34,33
0DQP2M43IWFJ8G8HZ,Nissan,Altima,Sedan,2005,Red,98338,Used,1193,23598,129,40
K5UED6FJGAUN21IT5,Volkswagen,Jetta,Sedan,2016,Red,10,New,1388,49236,62,26
SBE8OJFDBG3WGMB86,Volkswagen,Passat,Sedan,2012,Green,12,New,1113,55674,196,29
89F1YIP1TFGR8O4VZ,Ford,F150,Truck,2002,Gray,18725,Used,1096,16560,108,15
P2RUMISSABSS8UPSA,Tesla,Model S,Electric,2014,Gray,132944,Used,1456,53147,53,96
NUC3REQHWQ23OTL5B,Tesla,Model S,Electric,1999,White,118565,Used,1017,27954,101,67
3657ETWIT2E5CG8CA,Nissan,Altima,Coupe,1995,Black,45722,Used,1142,11693,73,40
4X1FYMKFQ9D0G4KT4,BMW,335i,Luxury,1994,Black,89246,Used,1268,29840,54,37
3PO33MDD1PBCLASUC,Nissan,Altima,Sedan,2009,Green,22766,Used,1419,21934,115,42
ZJR984Q1GR7S4X3KS,Nissan,Maxima,Sedan,2010,White,67195,Used,1209,24846,157,25
KERM52IBZC41X0FCR,Ford,F150,Truck,2000,Black,90270,Used,1292,8681,171,9
4OHZYP46R60BHBW55,Volkswagen,GTI,Hatchback,1995,Green,138294,Used,1435,10410,106,21
9MJXDV5IHXRYOBN1C,Toyota,Camry,Sedan,2012,Red,56740,Used,1101,37009,101,39
KVOVWPZWM649LHK4M,Tesla,Model S,Electric,2015,Black,117474,Used,1447,70397,169,168
GB89EG1D7N85YB6GH,BMW,M3,Sports,2007,White,61225,Used,1426,54158,76,20
FC9ATMXF197ACWAV1,Tesla,Model S,Electric,1998,Gray,45551,Used,1009,43115,122,174
OD28ZCL1KZXHRUG35,Ford,Explorer,SUV,2014,Red,25,New,1292,24217,187,19
V04BRMQLXTFWN8CXD,BMW,335i,Luxury,1990,Green,90574,Used,1362,15064,39,38
MWW4IX956XC2AZP6Q,Volkswagen,GTI,Hatchback,2004,White,28561,Used,1160,25266,168,53
8Z5D43IOMABMPN6RS,Ford,F150,Truck,2007,Blue,38524,Used,1153,16960,43,7
MXP5LIRNV2ODFIAVT,Nissan,Altima,Coupe,2005,White,104745,Used,1354,15937,89,19
8SMV6FAMA3HLYZXQ5,Ford,F150,Truck,2012,Gray,15,New,1128,37874,84,8
Z9AZA2POB062O4XE4,Nissan,Altima,Coupe,2011,Green,73477,Used,1263,20332,93,19
GKGMPPLQ3K6BN7TIA,Nissan,Maxima,Coupe,1999,Green,57828,Used,1435,15021,125,21
BLHJLCQWGPDAVMWQF,BMW,335i,Luxury,2000,Gray,22741,Used,1077,39567,103,14
76BZO82177K6DR46X,Nissan,Maxima,Coupe,1990,Green,47792,Used,1379,6286,192,22
6168MHT315XCFNHOO,Volkswagen,Passat,Sedan,1993,Blue,101717,Used,1153,10444,167,26
ZT4Q8FAK9SXFBC2JV,Volkswagen,Jetta,Sedan,2014,Black,11,New,1022,40118,62,33
6FDSX9SACYWMNMVLM,Honda,Accord,Sedan,1997,Red,91656,Used,1168,14229,45,34
2OGPU0O1479KZ4B2P,Nissan,Maxima,Sedan,1990,Blue,33006,Used,1260,7114,92,35
X3DAN00IL5KO6MT5N,Toyota,Corolla,Coupe,1998,Green,16358,Used,1035,22767,92,28
PN7CF7SD4AS1EOA6N,Ford,Explorer,SUV,1991,White,31443,Used,1298,8168,143,24
SSFR4WYHNRWSTCKYP,Volkswagen,Passat,Sedan,1998,White,126901,Used,1088,8503,59,14
KB8TZRZCDKWS41L1P,BMW,M3,Sports,2009,Black,18023,Used,1227,74315,162,21
7OXXTLQ33Y9SLP00U,Tesla,Model S,Electric,2012,Gray,139516,Used,1478,50834,93,153
KWSYJC0M5BDSQL7CO,Nissan,Altima,Coupe,2003,Red,37039,Used,1263,22601,156,27
UQW0Y993YSZJ3WASR,Nissan,Altima,Coupe,1998,Red,130554,Used,1005,8166,177,15
Z4G36PCIWKV54Z3RZ,Honda,Civic,Coupe,2005,White,28040,Used,1009,21340,101,39
T8XYUH92LGS24Q6JF,Volkswagen,Jetta,Sedan,1991,Black,102174,Used,1419,4980,45,29
H9IWU8VP4BH8HPOVF,Nissan,Altima,Coupe,1995,Green,59585,Used,1009,7483,165,36
NONCK9HGTA034FYDT,Nissan,Altima,Coupe,2010,Blue,130408,Used,1090,21735,183,38
92L10ODKTG6HLRW7G,Tesla,Model S,Electric,1994,White,56479,Used,1227,30726,31,65
YIU1OUPVZTC1PHZXP,Toyota,Corolla,Sedan,2014,Green,106453,Used,1255,20230,161,20
EXI9BBQDQS0C3EQR1,Tesla,Model S,Electric,2014,Blue,24591,Used,1071,78453,183,151
JRIEOYKEY6NVYQJRP,Nissan,Maxima,Coupe,2002,Blue,128969,Used,1198,10984,78,15
PVM5Q5X4WHTVHSSCF,Ford,Explorer,SUV,2005,White,138822,Used,1213,10298,34,26
KOIMK3O7MNYY73U82,Ford,F150,Truck,1994,White,69326,Used,1448,10963,125,16
135XBTTJXX9NX29QZ,Ford,Explorer,SUV,2002,Red,122844,Used,1417,10501,77,22
Z9WUKK1OP6XZW3VA8,Ford,F150,Truck,2009,Blue,25234,Used,1006,28708,74,11
96ULBBKU8PUVFDMW5,Ford,F150,Truck,2006,Gray,45911,Used,1320,17444,38,16
LZ3A36VS2W0SBIQWZ,Tesla,Model S,Electric,1997,White,100101,Used,1011,23025,174,63
NPZ503EU6FA7ZUFMX,Honda,Civic,Sedan,2000,White,73099,Used,1363,15979,175,21
RGLY89SPQ8VAF9ZFU,Tesla,Model S,Electric,2009,Gray,22023,Used,1140,64528,78,90
86IR8Z855J3UQQNAN,Volkswagen,Jetta,Sedan,2008,Red,16750,Used,1065,24015,149,37
XOC11G2DYDNFWHBEY,Honda,Civic,Sedan,1992,Red,38928,Used,1013,9696,111,21
QI0GQO5KOQ89I9QCV,Volkswagen,Jetta,Sedan,2001,White,73434,Used,1324,18318,104,26
GR82YZBDAD16CB5XS,BMW,M3,Sports,2010,Blue,114410,Used,1140,27961,175,8
9G771KQ9LVR4SZQP2,Tesla,Model S,Electric,1990,Gray,27203,Used,1016,30227,156,104
PUYH9QMNLJLS4NIG0,Nissan,Altima,Coupe,1999,Red,138602,Used,1130,9723,156,33
0F78ZXR80MUFGDB6K,Toyota,Camry,Coupe,2012,White,113136,Used,1056,16663,98,42
FHNETOOYWX6H5YLU0,Toyota,Corolla,Sedan,1997,White,13629,Used,1482,17217,152,32
2IOBP9SNXBCODRBBY,Ford,F150,Truck,2013,Black,107726,Used,1058,16871,159,6
MROEHME2IPLYEW2CB,Volkswagen,GTI,Hatchback,2013,Red,129990,Used,1118,21217,66,48
WZBCNPO697SBA0GKJ,Nissan,Altima,Coupe,2000,Black,93671,Used,1198,19591,141,25
OICGDUFJP7MUF0JK3,Ford,F150,Truck,1991,White,77852,Used,1274,4588,89,4
JQF94IS5C6WADKOEB,Honda,Civic,Sedan,2013,Black,146185,Used,1264,27214,62,26
Z5EG2ERIN988CLA7L,BMW,335i,Luxury,2015,White,71969,Used,1119,111998,157,31
LXYGALMZ6IWC8KPLR,Nissan,Maxima,Sedan,2010,Red,116291,Used,1147,22141,140,28
F7U23XHZF80M227NS,Ford,Explorer,SUV,1999,Gray,49493,Used,1456,12802,149,27
X8IZ45VGRP6FQWN87,Nissan,Maxima,Sedan,2004,Black,68738,Used,1031,19850,177,34
M141QQT4GAIFB48A8,Nissan,Maxima,Coupe,1994,Black,42441,Used,1201,8909,194,32
NEEXVI771BBMM7XBP,Volkswagen,Jetta,Sedan,2014,Blue,71818,Used,1055,38645,46,26
JKNTSXPNNFWPSEU9C,Honda,Civic,Coupe,2000,Blue,68688,Used,1037,19355,94,17
4SDV3X80Q89ZAF2K7,Nissan,Maxima,Coupe,2015,Gray,116952,Used,1139,24585,84,22
LTOWXEZ2SD1E0A1GH,Nissan,Altima,Sedan,1994,Blue,146504,Used,1043,8032,188,18
BST6FWVDXY5MV08CC,Nissan,Altima,Coupe,2009,Gray,117323,Used,1087,21501,83,39
R7ACFMB2GR0I5TE1N,Volkswagen,GTI,Hatchback,2016,White,16,New,1329,56190,131,56
XA0NIJ29T3QSSFJGL,Nissan,Maxima,Coupe,1990,Red,93354,Used,1472,5337,70,25
E14QS2JAVUC3GJUJG,Honda,Accord,Coupe,2010,Red,111514,Used,1259,15405,131,30
MCX72ZLW5RNKYDEY2,Honda,Civic,Sedan,2010,Gray,78656,Used,1230,27723,107,31
XL8QXIBMMSFEN8O9S,Toyota,Corolla,Coupe,2000,Black,12672,Used,1095,24090,113,36
45E3VW83Z0IDK06UN,Toyota,Corolla,Coupe,2010,Red,146267,Used,1488,13305,126,30
G7RJ1R16SRVUYOLPI,Toyota,Camry,Sedan,1993,Red,53955,Used,1067,13087,152,39
1Z7NZWUEO2XFNMM2J,Ford,Explorer,SUV,2015,Green,16,New,1381,23424,70,27
036UEBOEPALLJOWHT,Tesla,Model S,Electric,2012,White,14615,Used,1361,72519,68,94
GT00N7FI0BP5CEP37,Honda,Civic,Coupe,2012,White,15,New,1352,24105,166,30
QXWZUKY2ZDV1Q5I9N,Toyota,Corolla,Coupe,1997,Gray,63795,Used,1483,17521,112,23
JYY8MT2YIK0O83TJN,Toyota,Corolla,Sedan,2014,Gray,8,New,1385,44872,192,27
QMM9W96JYI0IHO08N,Honda,Civic,Coupe,2014,Red,74405,Used,1466,31129,72,37
4ZCGL4Z7ICXX5N0B3,BMW,M3,Sports,2004,Blue,70417,Used,1107,41664,174,23
7NLXIGXCXBF3ILLM5,Volkswagen,Jetta,Sedan,2008,Green,106603,Used,1317,25947,154,23
LQDTSB67U6C0CIHRV,Honda,Accord,Sedan,2000,Black,29900,Used,1126,21224,56,39
245SU9X1S3W4ZYEUQ,Nissan,Maxima,Sedan,1997,Gray,134748,Used,1247,11743,70,44
R5K188MNSKJFDWT5U,Toyota,Corolla,Sedan,2001,Gray,29390,Used,1083,22949,106,22
3DT7R4CIWVSTNL791,Honda,Accord,Sedan,2013,Gray,125126,Used,1433,24113,169,44
0ZCYJ2W1KNYWL04ZH,Honda,Civic,Coupe,1992,White,105618,Used,1335,5379,183,36
UCHJ2J7DM5D2QGD2W,Toyota,Corolla,Sedan,2001,Red,65457,Used,1215,24705,85,21
5Y1CGQKPBXEZHAB2G,Nissan,Maxima,Coupe,1990,Green,34024,Used,1004,6080,121,15
S3SRDMQK3BSZE8HT1,Volkswagen,Jetta,Sedan,2009,Gray,111057,Used,1058,18665,124,22
3D94G0TXXDAS86V0G,Toyota,Camry,Coupe,2008,Blue,114641,Used,1483,24684,195,21
7R7BKUC838OIPSVRV,Ford,F150,Truck,2015,Red,19721,Used,1131,34153,90,9
AURNZU8W49U2RVCB6,Toyota,Camry,Coupe,2013,Green,100557,Used,1207,25725,56,29
ZBPG9K1H84AUCPKQ7,BMW,M3,Sports,1997,Black,60715,Used,1288,42486,133,15
M5D8FVDZOJICMZH6W,Volkswagen,GTI,Hatchback,2014,Blue,9,New,1412,46135,67,45
S8AOUNOWHYU3EOSB8,Tesla,Model S,Electric,2003,Gray,19061,Used,1183,68023,176,182
FTNB39MGMAM5F4WVL,Honda,Civic,Coupe,2008,Black,6764,Used,1137,24640,58,17
TBJ078OM61WPOK7YE,Nissan,Maxima,Coupe,1991,Black,16638,Used,1392,8576,162,26
O59X92T8QK6G4VH55,Honda,Accord,Coupe,2001,White,120984,Used,1371,8919,71,34
F69KZDYPHRPVB89JR,Volkswagen,Passat,Sedan,2003,Green,23999,Used,1328,35536,73,38
RYXOYDFI4WRMZENY0,Toyota,Corolla,Sedan,1992,Black,97254,Used,1290,9740,113,41
V673GD4190PGJN93J,Ford,F150,Truck,2010,Gray,126885,Used,1424,21815,114,11
L33J9A0F17KD4N0BI,Honda,Accord,Coupe,2015,Gray,25,New,1494,29130,192,42
EZJ7XFKUDMXNNRF6S,Nissan,Maxima,Sedan,1995,Green,62419,Used,1380,12671,32,39
BXO2GK146WCMNJZ3P,Toyota,Corolla,Sedan,2007,Red,51348,Used,1459,35372,162,38
AZQ3K7HJHSA13RB94,BMW,335i,Luxury,1997,Blue,103909,Used,1420,16554,33,14
HRN6E85R3BVS1HPHA,Nissan,Altima,Coupe,2014,Gray,5,New,1371,38572,191,20
3I6QTAR06T67W7X5G,Toyota,Corolla,Sedan,1997,Gray,18815,Used,1074,13649,131,42
5TN3FBQX8Q48O7SXC,Volkswagen,GTI,Hatchback,2002,Gray,22932,Used,1013,33402,89,57
MMJFUZTW2RY94V557,Toyota,Camry,Coupe,2006,Green,125397,Used,1015,24313,127,36
ZMKIHJ78IUVHSU5BB,Volkswagen,GTI,Hatchback,2012,Green,8,New,1335,29152,109,50
WFFPG7FBHFPFB41BU,Toyota,Camry,Sedan,2012,Red,140468,Used,1056,19664,183,36
T7O98KIN56ICIS4VD,Volkswagen,Passat,Sedan,1996,White,36324,Used,1092,21996,85,13
JPAMP6QVM0D576B2S,BMW,M3,Sports,2006,Gray,29134,Used,1172,36512,52,17
X6ST00V0EPCT2QCLA,Ford,Explorer,SUV,2002,Gray,87811,Used,1236,19967,93,19
H02BLPE64I36L6IZK,Ford,Explorer,SUV,1996,Green,69772,Used,1319,12331,138,27
ME68P3ICOLX0XNW6G,Toyota,Camry,Coupe,2011,Gray,95310,Used,1129,25542,133,26
219RE9TIISW37RRHZ,Nissan,Altima,Sedan,2010,Green,125948,Used,1426,13890,176,43
UZ6KFQNKC85W5Z615,Volkswagen,GTI,Hatchback,2008,Red,62810,Used,1415,37615,105,48
4E11X30WMPBW5D0QH,BMW,335i,Luxury,2007,Green,33010,Used,1235,86090,104,25
N2ICD4KX47TZLQPWC,Toyota,Corolla,Coupe,2014,Black,81507,Used,1046,32636,149,33
N9NQHK5C0FCP02ZVZ,Nissan,Altima,Coupe,2016,Green,16,New,1338,35367,107,19
6YW1K4ANDVYC9ALCD,Volkswagen,Passat,Sedan,2010,Blue,17202,Used,1411,51450,50,23
P6ETLJMTP9J2J2TL9,Toyota,Camry,Coupe,1991,White,75662,Used,1193,7663,98,30
OLSEMIDXL1BXPN9ZZ,Volkswagen,Passat,Sedan,2007,Red,121640,Used,1165,30456,184,27
FACEAQ58WK793YT1F,Nissan,Altima,Sedan,2015,Green,14,New,1200,34024,35,25
ADYRELC4VHQURVMA1,Honda,Civic,Coupe,1997,White,19430,Used,1149,12965,135,20
R08206X79PO7U7VLZ,Toyota,Camry,Sedan,2009,Green,121319,Used,1232,16950,54,33
FCN7CQY89POXDL8KB,Honda,Civic,Coupe,2003,Black,7621,Used,1373,21804,142,35
HP086INCKLUR0PV1J,Nissan,Maxima,Sedan,1994,Black,64823,Used,1102,11895,68,26
NVTCQ4MVXYFCKOTB6,Nissan,Altima,Sedan,2016,Blue,6,New,1315,25326,177,25
M7BO8D0XYVK2W5D86,Volkswagen,Jetta,Sedan,1990,White,113615,Used,1101,4747,122,16
JG87UY2WMSKDNRUO7,Honda,Accord,Sedan,2000,Blue,113138,Used,1097,9660,173,38
R9PAFRN0GH0OOWWIR,Honda,Civic,Coupe,2007,White,138839,Used,1445,15582,146,39
YM1VW86GTKKYBSDU8,Honda,Accord,Coupe,2000,Black,114881,Used,1214,13767,140,30
YCK3XZXB2NOD3U74Z,Toyota,Camry,Coupe,1999,Green,52451,Used,1408,21047,134,29
BH4IG319ZYQA3VUJM,Ford,Explorer,SUV,2007,Green,30041,Used,1088,20837,160,25
9OOJIZ4CT9J0UUP52,Toyota,Corolla,Coupe,2004,White,95322,Used,1251,22273,174,27
08IZ6CSLBF76Q3PRF,Tesla,Model S,Electric,2010,Blue,15141,Used,1149,72334,170,191
1AIB9WHD89R2SC1H3,Nissan,Altima,Sedan,1996,Gray,88737,Used,1437,13245,171,29
UGCQ9Q9J525UFBS7Y,Honda,Accord,Coupe,1992,Red,136999,Used,1348,4404,68,42
UX34BK5A46IZY830I,Toyota,Camry,Sedan,2012,Green,52342,Used,1492,34700,95,42
EKIBVKKME1IA5YTXQ,Volkswagen,Jetta,Sedan,2013,Red,12,New,1332,57860,141,39
395R4Y260AB0W025Q,Nissan,Maxima,Sedan,1998,White,92745,Used,1128,16393,32,22
F6T30RV7BWSR3HJXR,Volkswagen,Passat,Sedan,2001,Green,24267,Used,1107,27309,179,31
FL2Q828B49F8ZCHR2,Honda,Accord,Sedan,1992,White,25901,Used,1145,8950,65,16
W3LGNFSUJJXB4UGGW,Ford,Explorer,SUV,2003,Red,128548,Used,1034,8265,47,17
ZH2NIP166DH2GSW1S,Nissan,Maxima,Sedan,2014,Black,11,New,1462,30697,54,35
H3QPPROMVBBV9NGSR,Honda,Accord,Sedan,2008,Red,39030,Used,1442,22474,66,24
J514S6AFIEHZPGGVU,Toyota,Camry,Sedan,2014,Black,22,New,1349,29752,132,22
BT416HVE3889NBX6L,Volkswagen,GTI,Hatchback,2011,Green,97001,Used,1212,39022,175,34
OER5ZVOM6VUUR7S2L,Honda,Civic,Coupe,2002,Blue,76153,Used,1046,18098,190,34
ZHAD7L95QIXJKTDNE,Nissan,Maxima,Sedan,1997,Red,19138,Used,1261,12970,86,29
MHQIYH59TKGEOCAY3,Ford,F150,Truck,2015,Blue,10,New,1023,34318,195,17
WM8XB293U2EA1NRSY,Nissan,Maxima,Coupe,2001,Green,134132,Used,1108,14096,87,23
TZLX1XZKAZHU6MXXV,Volkswagen,Passat,Sedan,1994,Gray,65868,Used,1370,11795,81,25
0N9TV4ZHR33TFU7LP,Nissan,Maxima,Sedan,2016,Gray,6,New,1345,28131,147,27
6DM52M9TRCKNNLS1D,Volkswagen,GTI,Hatchback,1991,Blue,55613,Used,1413,9781,100,41
H2ZW7SX09SSKPBUMI,Volkswagen,Jetta,Sedan,2015,Red,14802,Used,1355,45198,127,29
MXZ7WDS765E293GJ8,Honda,Accord,Coupe,1998,Red,14806,Used,1156,11038,158,38
O12WNL2R82GFAVBGS,Nissan,Maxima,Sedan,1994,Green,52778,Used,1399,9076,68,12
AGWGQ5EJY89L4CSRK,Tesla,Model S,Electric,2006,Green,37867,Used,1437,107331,127,195
8L2NJSUCAM0JUOY7W,Honda,Accord,Sedan,2001,Red,69218,Used,1232,16374,99,27
KFT0TE7I364ZE9R59,Honda,Accord,Coupe,2012,Blue,139785,Used,1462,22588,173,19
3QJREJDZ4I6KAOI3G,Toyota,Camry,Coupe,2015,White,136438,Used,1083,29324,163,22
Q1Y2P20UD0X15ZTV8,Toyota,Camry,Coupe,1996,Red,54528,Used,1316,17848,33,37
HAHGAWX2L280O1Y9V,Honda,Civic,Coupe,2012,Blue,34143,Used,1463,30679,179,31
LJGCOGVGRXJCW23QS,Nissan,Altima,Sedan,2004,White,51417,Used,1179,19531,91,30
LA0I6C47GQ1AUJAMA,Honda,Accord,Sedan,2016,Green,0,New,1274,34644,186,36
0ZZL0Y5DCH3F7TLO2,Volkswagen,GTI,Hatchback,2008,Black,50178,Used,1002,40600,35,34
Y2JVR6D38Y0FOIMNH,Toyota,Corolla,Coupe,2010,White,59836,Used,1475,28958,100,41
FSW5MQXZWLLHG6C5A,Toyota,Corolla,Coupe,1994,Blue,83316,Used,1244,11487,176,34
2831D41OB0SSSH4OX,Ford,F150,Truck,2013,Green,103786,Used,1029,20089,111,19
OK2A2FR6AULPUV1GH,Nissan,Maxima,Sedan,2012,Gray,148470,Used,1422,18601,155,25
7LZ9ZX0AHA4Z46HZN,BMW,335i,Luxury,1997,Green,5855,Used,1454,37775,146,26
B454BAUK73NORJCC8,Ford,F150,Truck,2011,Gray,92099,Used,1068,15422,139,8
G6IJC2Q4H3GKJVBUP,Volkswagen,Passat,Sedan,2012,Blue,56022,Used,1473,35262,96,33
VFDOOI9ZOS29450HV,Nissan,Maxima,Coupe,2006,Black,125607,Used,1287,13963,53,21
KWVX79WMMIGD3M6F3,Honda,Civic,Sedan,2015,Red,103831,Used,1092,25059,113,37
52V8Y3XEP51BGC4T6,Honda,Accord,Sedan,1991,Blue,93591,Used,1301,7773,40,39
819XQ4OFE4I8R36R7,Nissan,Altima,Sedan,2004,Blue,101758,Used,1149,8867,68,43
80GTB6CKY0INTY0H1,Honda,Civic,Coupe,2011,Red,32639,Used,1060,35089,102,19
2M34FY0WTOOZD6Q2N,Honda,Accord,Coupe,2005,Blue,119078,Used,1112,10476,80,27
4YOYY1YGO2I3L5Z0E,Honda,Civic,Sedan,1994,Blue,60373,Used,1337,7348,85,25
H92H4K06B8SYYDWEI,Volkswagen,GTI,Hatchback,2003,Gray,45845,Used,1363,33214,80,42
V8Y3QFE3M10UF76IQ,Ford,Explorer,SUV,1997,Black,27940,Used,1033,8598,120,12
ZYECRV1SO9VBLI7G6,Volkswagen,Jetta,Sedan,2005,Black,31592,Used,1088,27939,89,44
98L2GTC6X5G4BJ74O,Nissan,Maxima,Sedan,1991,Blue,146372,Used,1494,5627,199,15
RL21WT9Y6Y6UNN0PK,Honda,Accord,Sedan,2000,White,89255,Used,1367,18250,189,20
Q047ILPV4NTQG2CXT,Ford,F150,Truck,2009,Green,89909,Used,1008,16383,66,6
GGQMC2PXENY0JLU6X,Toyota,Camry,Sedan,2013,White,121531,Used,1340,17858,98,38
5C40TFPCA8BB086NU,Toyota,Corolla,Sedan,2007,Green,25826,Used,1335,20914,119,44
VZQ23K72CJA73E0UD,Nissan,Maxima,Coupe,1990,Black,78771,Used,1020,7494,158,26
SPM7QY05Z5NGN705C,Toyota,Camry,Coupe,2016,Blue,7,New,1254,31784,45,22
Y203QY7SIOXET3IMF,Nissan,Maxima,Sedan,2004,White,81542,Used,1088,18833,186,27
Y0AU0I8A07DJMNV2S,Honda,Civic,Sedan,1995,Red,75219,Used,1126,12092,53,23
MD9HSFTLFWY66GM2O,Nissan,Maxima,Coupe,2004,Red,83474,Used,1379,18512,81,32
PUB5MLN5B8GA6KPES,Ford,F150,Truck,2014,White,39865,Used,1048,18075,67,7
WK9ZAIUGJ7VJTLWCX,BMW,M3,Sports,1999,Black,39739,Used,1388,58099,94,7
09Y96PKRRX7PCSTXK,Nissan,Maxima,Coupe,1997,White,65371,Used,1245,16796,155,30
6XZAVP8GD9VTPLCZY,Nissan,Altima,Sedan,2011,Green,88647,Used,1191,26274,149,20
3C4DX5YFXLGY49RXK,Ford,F150,Truck,2007,Green,14453,Used,1359,32519,160,9
STDOUFC8FRNKLIQWA,Ford,F150,Truck,1995,White,109758,Used,1074,6123,194,11
EYX6W38VQ7H4LDIKN,BMW,335i,Luxury,1999,White,125640,Used,1469,38927,188,37
A1GDXZ5LSP489295B,Volkswagen,Jetta,Sedan,1992,Green,51166,Used,1184,8676,54,21
G7MU83G4TKGZ9HMOZ,Nissan,Maxima,Coupe,2016,Green,11,New,1097,21650,169,43
QB57I7VLIZTD0HOXA,Nissan,Altima,Coupe,2010,White,148475,Used,1351,16961,120,18
PIRHYBJEC2TKZUZVR,Honda,Accord,Coupe,1990,Black,38273,Used,1463,5043,136,39
A2CCC3RJF9D3V2KQP,Nissan,Altima,Coupe,2006,Gray,86813,Used,1056,25445,180,23
AL9ZXXO5BAKO2I0C8,Nissan,Maxima,Coupe,2014,Green,5,New,1430,37872,186,42
UR93YQTS4UX1TZ77P,BMW,M3,Sports,2007,Black,134260,Used,1191,30449,105,18
6J9GU6O08SR3L8M5X,Tesla,Model S,Electric,2004,White,23570,Used,1402,80979,125,75
7FAPXRF76NNKH9UC6,Nissan,Altima,Sedan,1993,Blue,33359,Used,1314,10551,167,20
OKTDN6MFER5OEIJK9,Tesla,Model S,Electric,1995,Blue,62339,Used,1128,52050,124,91
7SGMQQDSHQWUUOKQ2,Tesla,Model S,Electric,2016,Gray,3,New,1065,118727,76,188
EUQ7GIKKGJ05RSSFU,Nissan,Maxima,Coupe,2008,Blue,66438,Used,1122,24420,62,25
TJP1VM98AI6AKY5H5,Toyota,Camry,Sedan,2007,White,142948,Used,1439,24850,90,24
KQ1T70IEF1K34IIK0,Nissan,Maxima,Coupe,1995,Blue,103360,Used,1260,7029,62,19
G07MHN4RBLNTBOG90,Ford,F150,Truck,1990,Green,77719,Used,1277,4468,192,4
X5EPK21KENFIRODDK,Nissan,Maxima,Sedan,1995,Gray,38116,Used,1305,8166,122,31
1MLKTRUEYQRAG45FQ,Nissan,Maxima,Coupe,1996,Gray,92842,Used,1292,14518,124,32
BZ1AZW560NNRHXEFR,Honda,Civic,Coupe,2005,Black,23083,Used,1080,23787,94,37
VNKPL20LKIHJHZEN2,Toyota,Corolla,Coupe,2016,Green,3,New,1334,44701,101,29
0RGCGOZU5PK1W7LO6,Volkswagen,Passat,Sedan,1998,Red,17276,Used,1314,15873,37,22
5KBBMZJPQ6736E8K8,Nissan,Altima,Sedan,2001,White,128592,Used,1110,14010,52,40
70GVS3HO3LVWW5XWH,Volkswagen,Jetta,Sedan,2003,Gray,63365,Used,1187,25182,124,17
1NEV721SMRR1IP6RY,Volkswagen,GTI,Hatchback,2015,Red,32276,Used,1341,27446,86,58
NXXKGOQIKEQR3HONP,Nissan,Altima,Coupe,2009,Gray,86415,Used,1457,21302,130,40
TCZVOXYZ787JO8RMF,Volkswagen,Jetta,Sedan,2013,Red,139311,Used,1125,28968,191,39
1A9WX8JNDZWDYOEO0,Honda,Accord,Coupe,1999,Green,89200,Used,1157,9895,135,22
VPZ3NZCGYWKRAMCVQ,Honda,Accord,Sedan,1991,White,144757,Used,1465,5995,175,21
31GJ7DUZBVA1KNT1T,Tesla,Model S,Electric,1998,Red,86891,Used,1166,46865,53,80
WTY5SKE84IHOTJB8Q,Tesla,Model S,Electric,2003,Red,112280,Used,1422,55976,185,130
0T40F3P7X7DDA5BHY,Toyota,Camry,Coupe,1995,Black,29635,Used,1280,17997,147,18
YOFR4HRDMQ3UKAAZL,Toyota,Camry,Coupe,2007,Green,16161,Used,1044,38539,47,20
BQRJF64V2TH8DQJP1,Ford,F150,Truck,1992,White,147021,Used,1126,7148,196,17
RJ3QEN9YZP2QQJIHT,Honda,Accord,Sedan,2002,Black,47345,Used,1466,12566,52,28
W4Y0P6F2NWXJNSE5J,Volkswagen,Passat,Sedan,2014,White,76107,Used,1109,30877,76,27
R8GM50D6XZ86DJL3F,Honda,Civic,Sedan,1992,Gray,141950,Used,1141,7599,117,38
KO9MBHGEI0MCAGOCZ,Honda,Civic,Sedan,2013,Red,99741,Used,1225,19082,180,18
GABPLRRHE2LXPVULQ,Nissan,Maxima,Coupe,1992,White,74465,Used,1142,6874,63,36
EGT192C515BGVM5EL,Volkswagen,Passat,Sedan,2009,White,146635,Used,1386,34869,74,23
DNZ0K0I5NI8CSFLLY,Toyota,Corolla,Coupe,1996,Gray,85771,Used,1218,12529,119,16
94XFD5Q5507IZFZFM,Volkswagen,GTI,Hatchback,2012,Gray,27,New,1499,40004,57,44
PXKEEXIT3092E07S2,Volkswagen,Jetta,Sedan,1991,Blue,128495,Used,1049,4970,61,35
9UDJBV0LJRKT2H8D6,Toyota,Camry,Sedan,1995,Black,62342,Used,1249,7315,106,36
XTS7LZU4TIUPTYGKP,BMW,M3,Sports,2015,White,29243,Used,1434,103973,173,14
1FQ4JHC6L57I5SEQS,Toyota,Camry,Sedan,2016,Black,1,New,1215,32047,57,26
UYLHL00CY10UFWNY3,Nissan,Maxima,Sedan,2013,Green,9,New,1013,33617,64,26
Y0BVQLDGPHPB1MQ9R,BMW,M3,Sports,1992,Black,66512,Used,1080,15711,165,5
B4CWACLI63J80LEFN,Nissan,Altima,Sedan,2012,White,83640,Used,1317,25531,85,22
OH4MSVY9EMJN56W79,Toyota,Camry,Sedan,1994,Blue,104246,Used,1076,9539,135,24
5DKHCFZRP70LG4MYC,Nissan,Altima,Sedan,1991,Green,6158,Used,1183,6880,109,11
X7PG696CBIVJGX801,Honda,Accord,Coupe,1999,Green,50553,Used,1212,19731,84,30
0Q8X05KSY9LMHDQFL,Volkswagen,GTI,Hatchback,2011,Green,147401,Used,1156,31249,126,55
8DM500UI4VSJSDVP7,Toyota,Corolla,Sedan,2014,Black,41874,Used,1207,42738,51,21
0E2Y9DPSU702UVEZ2,Honda,Civic,Coupe,2002,White,90538,Used,1239,12888,122,27
Y524D32WC469WY4GW,Honda,Accord,Sedan,2005,White,138203,Used,1402,16528,148,42
JB766NM8511UMYCCU,Toyota,Camry,Sedan,2016,Red,15,New,1493,25212,95,37
QFS7FG45PNATH4INA,Nissan,Maxima,Coupe,1991,Gray,122788,Used,1403,4317,61,34
63RR7LJJG62TAZNLP,Honda,Accord,Sedan,2005,Green,122059,Used,1369,16780,117,16
2M88P3D3YLNXTTLGR,BMW,335i,Luxury,2015,Black,120807,Used,1371,57062,147,25
Q8M76N1C37GYOKYBN,BMW,M3,Sports,1999,Red,52822,Used,1457,34593,40,15
GAOBYCPI614KB993A,Volkswagen,Jetta,Sedan,1995,Red,121336,Used,1082,12018,51,24
0TN7FLY2DQ014HUTP,Honda,Accord,Coupe,2013,Blue,16,New,1480,21751,176,44
DZFCZTTHSBX2KEEH9,Honda,Civic,Sedan,2006,Green,102212,Used,1359,13685,100,27
R2B60HDM0RBG34B82,Toyota,Camry,Coupe,1997,Black,16831,Used,1447,10165,191,39
4L5V6SLPOJ0QTDWSS,Nissan,Altima,Coupe,2013,White,15,New,1194,33350,78,21
ENJB0EIPBUUNZ104B,Nissan,Maxima,Coupe,1992,Black,30957,Used,1014,7386,101,34
IQRFI66018MGZ2F08,Honda,Accord,Sedan,1995,Green,109913,Used,1130,9305,33,22
3FUQHBU3YS2KJSUN9,Toyota,Corolla,Sedan,2001,Red,108447,Used,1055,16383,158,19
AXDYE5SRK2ZUK4E48,Toyota,Camry,Sedan,2016,Blue,16,New,1158,43548,191,35
SLMJY7LJQE953OW9J,Tesla,Model S,Electric,2006,Gray,33832,Used,1025,55721,170,190
M6RO1V7PLICU9REAW,BMW,335i,Luxury,2008,Blue,118702,Used,1355,35042,58,23
M0ZMC81R23U0UXVK0,Ford,F150,Truck,2002,Blue,73541,Used,1424,16081,191,18
B0YUMZGH7SGMCY1D3,Toyota,Corolla,Sedan,2002,Gray,62260,Used,1118,11927,143,43
JP0PLRA1J45U71P2T,Toyota,Corolla,Sedan,1993,Gray,37208,Used,1130,11037,65,31
Y5FW9GZIWBH6G0YJE,Nissan,Altima,Coupe,2012,Black,123040,Used,1340,16634,96,35
64RV0PG44055VM7XK,Ford,F150,Truck,1998,Blue,144026,Used,1287,8408,114,13
JFXNZ2WFRISWKSBSL,Tesla,Model S,Electric,1990,Red,95064,Used,1195,23180,66,77
6C9ERNVLKBQW2N7I6,Volkswagen,Jetta,Sedan,1999,Black,3375,Used,1497,15422,162,23
GO79UJJJ0MMDV8LJP,Nissan,Maxima,Sedan,2004,Blue,43115,Used,1054,15376,52,20
65OT4I77TY7JWWWMA,Toyota,Camry,Coupe,2012,Blue,71035,Used,1282,34082,148,33
K57PT8JDOP2J5EEVG,Honda,Civic,Sedan,1998,White,62953,Used,1273,12342,30,35
DWRLANPH1AEHWA33M,Nissan,Altima,Sedan,2009,Black,71114,Used,1487,21030,42,19
DZ0HF7Z7GXJSXDWFM,Nissan,Altima,Coupe,1999,Red,116662,Used,1010,7756,166,24
2461YCWHDY8Y97VWL,Nissan,Maxima,Coupe,2003,Gray,21701,Used,1382,17472,60,22
CVC6P3TSXH3MRWPKY,Honda,Accord,Sedan,2001,White,69734,Used,1452,20655,58,42
0HQKHAYBRQVXAYZ2O,Ford,Explorer,SUV,2003,White,120263,Used,1069,10114,49,26
NZC80Y0237PWGHKTT,Nissan,Altima,Coupe,1999,Black,135099,Used,1157,8889,182,18
U3QQ59VMZ3CKA30SY,BMW,335i,Luxury,1993,Blue,18767,Used,1218,14890,79,23
2JMUWVIYK6RXUV0MQ,Ford,F150,Truck,2014,White,62834,Used,1360,38171,149,17
O4APN8M2OAM2P81A8,Nissan,Maxima,Sedan,2002,Blue,99856,Used,1215,17744,151,36
VBEH1YQKCFMU0VEWF,Toyota,Corolla,Coupe,2000,Green,80733,Used,1234,16088,195,26
YLH8AJXTPCC976J1B,BMW,M3,Sports,2013,Green,141772,Used,1015,38002,112,16
FRXCGI6I4XA4HIRSG,Honda,Civic,Sedan,2014,White,24730,Used,1050,39754,129,21
9X3PMZ54OIJJUS7T2,BMW,335i,Luxury,2002,Black,117807,Used,1063,21140,66,31
X3062PZBD8X8F44CO,Toyota,Camry,Sedan,2000,White,92425,Used,1179,21324,152,22
TU04XL5KJ2YR6BO24,BMW,335i,Luxury,2015,White,104983,Used,1446,45405,194,29
FQ7YX7X8VYEGP8K1J,BMW,M3,Sports,1998,Green,27978,Used,1445,40682,78,19
UHFSLS93J0WNI5IKA,Honda,Accord,Sedan,2016,White,1,New,1495,27955,173,37
4EW8DXFGUYDI7LR64,Toyota,Corolla,Sedan,1995,Blue,77229,Used,1048,8026,187,38
M8U29K7Q6SGH88NZN,Toyota,Corolla,Coupe,2008,Black,134502,Used,1041,12626,40,21
BIHEX1724D6T0HW62,Nissan,Maxima,Coupe,2015,White,5,New,1438,20485,149,24
1YSZBT2RWAEPMOF22,Nissan,Altima,Sedan,2003,Red,23188,Used,1299,16737,189,32
JEZF5K49TK1QRNKU7,Toyota,Corolla,Sedan,2006,White,88189,Used,1429,28116,59,17
4889GD4KWT768SEKC,Toyota,Corolla,Sedan,2003,Blue,34376,Used,1355,24509,93,39
3CINO9TT472J1Z3LK,Honda,Civic,Coupe,1998,White,5379,Used,1257,15114,160,13
5FUFQ8F3TFBGUJBLD,Toyota,Corolla,Coupe,2005,Green,119937,Used,1397,22745,87,19
F6BAR0W2BZG1M6ZIN,BMW,335i,Luxury,2010,White,9393,Used,1316,62508,74,29
QJINUT0LZ1ZB7HK1M,Toyota,Corolla,Coupe,2005,Gray,126816,Used,1020,11640,149,27
UW8J8K2EOMZGU4E3F,Toyota,Corolla,Sedan,2010,Green,24176,Used,1498,40795,185,41
MLURR86ENVFK4ZZBH,Ford,F150,Truck,1997,Blue,14562,Used,1428,16604,105,11
U7MXKU62C5U01T8CH,BMW,M3,Sports,2003,Blue,121345,Used,1352,21566,64,15
QXMCVMNZVEBEO8G6C,Honda,Accord,Sedan,2012,White,35328,Used,1307,27875,167,29
UJE7XUUBOBWJMPVWJ,Volkswagen,GTI,Hatchback,2009,Blue,50292,Used,1214,25166,67,28
8Z9IF2RTXGABPC430,Toyota,Corolla,Coupe,2010,Black,76518,Used,1166,30907,151,35
22G3QQPPSYL05V7CT,Toyota,Corolla,Coupe,2002,Gray,113362,Used,1153,18378,30,33
ADZD3BSN2YLMGJ8ST,BMW,M3,Sports,1991,Green,121807,Used,1252,16445,116,24
87YOJGF0RV1UF1F2V,BMW,335i,Luxury,1992,Gray,18303,Used,1128,22050,59,8
WJIPP9XFCL1CZ7ZM6,Toyota,Camry,Sedan,1990,Green,100105,Used,1454,2981,127,31
ADAMGHMD6G2UB75WK,Honda,Civic,Coupe,1994,Green,79279,Used,1270,7956,75,13
MJO5USLGW8DF4EM6V,Tesla,Model S,Electric,2006,Gray,30252,Used,1479,66727,122,136
IYFQW3JI0OP08UL0N,Ford,Explorer,SUV,1999,White,92089,Used,1081,16918,145,16
586BR3XYWBFA8QAYF,Volkswagen,GTI,Hatchback,1990,Green,102989,Used,1160,5524,158,32
KISTGRNMJANDXRQRA,Volkswagen,Jetta,Sedan,1992,Red,121050,Used,1194,4766,62,16
X33EF153GAXA9EPS1,Ford,Explorer,SUV,1996,Black,41273,Used,1248,14299,163,15
BHZA3064UDKH9I64N,Toyota,Camry,Coupe,2004,Red,6313,Used,1176,26580,83,43
2UT11XHNFD57H9MQR,Tesla,Model S,Electric,2008,Green,93557,Used,1048,91387,126,122
CBK0JNBFNGLQ3Q2AJ,Toyota,Corolla,Sedan,1992,Red,70928,Used,1201,11850,61,28
HVUE29QKDBDA0F6A1,Volkswagen,Passat,Sedan,1998,Black,120729,Used,1217,14496,146,43
68H89YES02D38ZVD3,Tesla,Model S,Electric,2013,Green,111187,Used,1051,55398,168,122
1KN0GELAPOD99PJBN,Volkswagen,GTI,Hatchback,2011,Black,72205,Used,1191,30049,178,56
DAXMEUD7YQM62TRSL,Volkswagen,Jetta,Sedan,2016,Black,7,New,1480,34013,77,44
WE8HZJUXNHIIC25JG,Volkswagen,Passat,Sedan,1993,Blue,149411,Used,1388,8979,34,39
72TF5OMTK4M1NHDFY,Toyota,Camry,Coupe,1992,Gray,19360,Used,1081,11440,153,25
YOB0QO73TJ5SYXS0O,Honda,Civic,Coupe,1991,Green,115883,Used,1067,5760,182,33
ZC99Q14I3JJF7W85P,Toyota,Camry,Sedan,2015,Red,8,New,1141,46958,33,21
E8S6X402XX5G9MR7P,Nissan,Altima,Coupe,2009,Gray,58742,Used,1482,19460,160,44
77J30IQSA09N6S8E7,Ford,F150,Truck,1998,Black,42770,Used,1243,15911,41,4
D5AO4LOLHV58KJW6A,Toyota,Camry,Sedan,2013,White,144106,Used,1491,23609,46,19
8LL5UG7BE13W7B5D5,Honda,Accord,Sedan,2011,Green,50562,Used,1213,25306,74,20
CWO0ADA9UJIFPCC20,Honda,Accord,Sedan,1990,White,120027,Used,1265,3244,151,27
TMXOZVD49MUJQC4EH,Honda,Accord,Coupe,2004,Blue,105822,Used,1472,16124,50,42
8RHVMY4SAHG360Z9P,Toyota,Camry,Sedan,2004,Blue,140914,Used,1092,11725,95,22
FBOMM96OUPN0MRPSY,Volkswagen,Jetta,Sedan,2013,Gray,26,New,1284,32945,191,35
D8X9HJZCCJNF2BSMH,Toyota,Corolla,Coupe,2009,Blue,11255,Used,1216,34978,108,17
GE11R00ZB57Z70X80,Volkswagen,GTI,Hatchback,2003,Gray,53561,Used,1309,21498,55,25
7WSNY00XOEJHEW1UE,Toyota,Camry,Sedan,2008,Black,11738,Used,1415,36661,111,42
UQ3UHKVOVHMM0VG9Z,Ford,Explorer,SUV,2002,Green,14414,Used,1345,22860,77,25
F3TSFTOS50R6TTR20,Nissan,Maxima,Coupe,1991,Green,86559,Used,1455,6801,136,12
FDQMDDZI7TUWEMUO2,Nissan,Maxima,Coupe,1991,Blue,132165,Used,1122,4241,75,44
H6LH1EEHX1OPHTRU8,Honda,Civic,Sedan,2000,Black,86015,Used,1457,14152,38,23
JX6EDWKLDFRLOEDCA,Honda,Accord,Sedan,1991,White,55398,Used,1116,8559,185,22
RQ7SSV8I8F85S1HN1,Toyota,Corolla,Coupe,2013,Green,20338,Used,1476,31001,191,38
JNDX6YGBBY4Q6MWGV,Nissan,Maxima,Coupe,2009,Green,99818,Used,1268,29225,121,36
Y60WWE44RG7IC6PW0,Nissan,Altima,Coupe,1999,Black,99050,Used,1042,11952,136,34
8SEN1B06ENPANIUV1,Nissan,Maxima,Coupe,2015,Green,2,New,1475,37122,80,31
YBKYLW1MXQ5CESO4I,Volkswagen,GTI,Hatchback,2005,Black,22203,Used,1449,41393,55,57
LN9BHH7Q703LPRJSV,BMW,335i,Luxury,2004,Red,97781,Used,1190,29346,128,30
KW668VO8MW69BQDGT,Nissan,Altima,Sedan,2015,Green,4,New,1128,21136,100,33
97ROSLJXO043C9JMN,Nissan,Maxima,Sedan,2003,Green,75019,Used,1295,22535,39,20
4RTPD5PO4C2UW1V8G,Volkswagen,GTI,Hatchback,2012,Blue,7,New,1120,36754,181,58
K0IXPI16L75ZW51EJ,Toyota,Camry,Coupe,2015,Gray,36116,Used,1084,36915,79,30
JMO4HTAU6DHCQ3SB0,Volkswagen,Jetta,Sedan,2013,Black,117249,Used,1025,36124,166,28
HVB5K0RMU8FALX1AE,Nissan,Maxima,Sedan,2013,Red,4868,Used,1081,27176,136,35
EB6ERV5SEIEO0KK08,Honda,Civic,Coupe,2004,Black,37702,Used,1314,14749,42,15
JKX8VQ08RC1B5V3RC,Honda,Civic,Sedan,2011,Green,147184,Used,1079,15561,145,43
2INOTAU0UQCTZCVTB,Honda,Accord,Coupe,2016,Green,13,New,1221,25022,91,19
DG1SQ47CV7JOUCHZ8,Tesla,Model S,Electric,2007,White,79443,Used,1141,98175,126,95
GERXNN9N8R0VO33GM,Honda,Civic,Sedan,2008,Blue,124621,Used,1197,18682,82,33
WLLIZYOJWDWOK2IWF,Toyota,Corolla,Sedan,2015,White,61043,Used,1140,48268,44,24
0K51SP65R3WTCM6AG,Ford,Explorer,SUV,2000,Green,18139,Used,1018,19611,189,23
DNU0J1U8FTPTPBITD,Nissan,Altima,Coupe,1998,Green,74874,Used,1198,13183,167,28
H6H44EONXKVI03KHL,Honda,Civic,Sedan,2011,Green,136877,Used,1451,17784,153,27
57FC3EU0SDYRKZN6L,Nissan,Maxima,Coupe,2005,White,21241,Used,1493,21527,92,22
JMKHUVSDXSELCSQKY,Nissan,Maxima,Coupe,2005,White,62318,Used,1091,24690,150,28
X52H7N58Z1TU4K0PO,Tesla,Model S,Electric,2012,Blue,4,New,1045,81744,151,159
0H8FSLD9VHY3CUSJ7,Volkswagen,Passat,Sedan,2006,Black,146808,Used,1037,22533,87,31
OXXEK7XNRYC7N54D2,Toyota,Corolla,Sedan,1991,Black,106584,Used,1488,4082,34,33
EBNZEO9H65CZMY5OH,Ford,Explorer,SUV,2008,Red,130334,Used,1154,22203,120,22
N6N17QKH48SWE9RCO,Volkswagen,GTI,Hatchback,1996,Blue,9832,Used,1398,15939,131,25
EA284Q1NFO1EIPY9P,Volkswagen,Passat,Sedan,1994,Green,31829,Used,1209,15624,85,38
FVUIS2HWZ2RI7YMI5,Nissan,Maxima,Coupe,1997,White,145456,Used,1300,9834,138,14
U31O28XPWUXCVR97O,Tesla,Model S,Electric,2010,Red,114705,Used,1178,55139,89,92
HQDO0A9QM04ZSR3LH,Volkswagen,Passat,Sedan,1994,Black,87536,Used,1415,12130,106,21
N4N03O8ODTD5T03U9,Ford,F150,Truck,2003,Red,134803,Used,1149,15120,41,7
PMNMD2RRBAQNWPNVP,Nissan,Maxima,Sedan,1998,Black,71443,Used,1459,11801,189,22
HOFIODSBUUY94DOLA,Ford,F150,Truck,1999,Green,23943,Used,1319,12183,39,11
4B2CL6FMUN4PKOIA5,Nissan,Altima,Coupe,1993,White,77185,Used,1398,7757,71,37
2VVP7DSPATDRPV2SU,Ford,F150,Truck,1995,White,50556,Used,1403,8897,168,8
EQ5XB2VP5KL3JD4MV,Tesla,Model S,Electric,2010,Green,132070,Used,1306,88309,82,170
8X0ATHT9ROJUHIV5X,Toyota,Corolla,Coupe,1991,Gray,117796,Used,1417,4758,88,31
TQK5QY887RA8E78FX,Honda,Accord,Sedan,2010,Blue,146417,Used,1102,18825,109,35
6Z9COB0MI3H20Z9KU,Volkswagen,Jetta,Sedan,1995,Red,107468,Used,1283,13334,31,26
TN2CCV3PMF48MYO62,Nissan,Altima,Coupe,2006,Gray,36991,Used,1393,19394,171,24
TBB0N49RVA9GM5SYS,Toyota,Camry,Sedan,2011,Red,26101,Used,1398,38434,56,33
NI58FY1XOACY8H3AD,Nissan,Altima,Coupe,2000,Red,47006,Used,1326,20189,120,17
3ASFK32B1JMPCCIOK,Ford,F150,Truck,1998,Black,91055,Used,1308,14754,177,17
BXWUU05XJZ984N34A,Volkswagen,GTI,Hatchback,1990,Black,74158,Used,1249,10431,35,40
WU0EJISGN5IB4JUTM,Honda,Civic,Sedan,2016,Black,3,New,1017,31151,104,39
FZP7GDUZLC96HSAG5,Honda,Civic,Sedan,1990,White,62434,Used,1167,4426,127,11
LK0K5RDMJL7FUIX9U,BMW,335i,Luxury,1996,Black,131479,Used,1181,13791,57,35
7451LZPOL5SWR3P8B,BMW,335i,Luxury,2002,Blue,80565,Used,1380,65773,187,26
4ON190PC6TD5CNPG9,Honda,Civic,Coupe,2011,Blue,40812,Used,1228,26979,163,25
V66WLPISVR74DQSPP,Toyota,Corolla,Coupe,1997,Black,88224,Used,1258,9879,89,27
3BARYAE071YJXJS0S,Ford,Explorer,SUV,2006,Green,89437,Used,1476,23021,32,24
FQ55JXQVQN0310DNF,Volkswagen,Jetta,Sedan,2003,Green,13169,Used,1086,22445,99,27
GKNAEW2IU4VXE9V2G,Ford,F150,Truck,1993,Black,103582,Used,1492,5289,62,16
KPDCGQTS52WF2RE58,Nissan,Maxima,Sedan,2016,Black,0,New,1031,21156,83,42
NQNUVVUBGNOIRB9UA,Honda,Civic,Coupe,2003,Green,27460,Used,1155,24057,61,40
MLYDTNADV29WR9DLE,Honda,Accord,Sedan,1998,White,70911,Used,1266,13674,104,44
T8RUJ638MOEGUEWOO,Ford,F150,Truck,1996,Blue,50954,Used,1428,11178,84,13
AOJ6GNN5AEKIVPA27,Ford,Explorer,SUV,1997,Red,87378,Used,1413,13063,150,14
MSTS9B380DX0LWRYM,Toyota,Corolla,Coupe,2015,White,1,New,1376,41423,56,22
D7MJJAX5TW5BD0MHZ,Volkswagen,GTI,Hatchback,1993,White,88192,Used,1229,7723,177,33
8A6RXN9U2BYWYX1UL,Ford,Explorer,SUV,2016,Blue,16,New,1046,26762,176,26
JIN9TBXD1WO2Z422L,Toyota,Camry,Coupe,2005,Black,114397,Used,1208,18044,133,44
01D932ASMHYL5NQR5,Honda,Civic,Coupe,1995,Black,51854,Used,1299,12515,45,15
9AUNNS3ALTEVAVK9K,Nissan,Altima,Coupe,2001,White,87710,Used,1236,16570,117,37
H7L3J6IIC6DVI3PEX,BMW,M3,Sports,1994,Red,133804,Used,1042,14894,102,8
ALOXNPXVRHY0BJRRC,Honda,Accord,Sedan,1995,White,9243,Used,1222,13905,95,32
NCFI2GF13N702SO22,Honda,Civic,Sedan,2003,White,44243,Used,1016,23953,124,44
CWFN1NDX89PXEOEO6,Ford,F150,Truck,2012,Red,119477,Used,1306,10904,123,14
GA8EYA3O11K9K4OIW,Nissan,Maxima,Sedan,1994,Green,83814,Used,1033,6563,136,19
SE81GOKT05J3V3GEH,Honda,Civic,Sedan,2002,White,112370,Used,1039,11617,61,27
SUCNTKB88RO5H80XR,Toyota,Camry,Sedan,2003,Green,4476,Used,1191,27617,185,28
0NSRVD81SE4Z4U3W2,Honda,Civic,Coupe,1990,Red,147923,Used,1036,4061,130,14
2NO73S02FOUG70XD4,Honda,Civic,Coupe,2009,Black,71921,Used,1116,21164,69,26
3SJMMRKFBWQH4A7S7,BMW,335i,Luxury,1998,Gray,65727,Used,1353,50532,91,15
ZIUSV3ENXSYL5PMM5,Volkswagen,GTI,Hatchback,1990,Gray,106247,Used,1043,4268,159,27
W6PV5F4OJTIBNUJJ2,Volkswagen,GTI,Hatchback,2005,White,115393,Used,1394,27101,83,36
N0NJ07TIG91FPNKAP,BMW,335i,Luxury,1994,Red,117827,Used,1232,16893,102,27
NPPFML6SE1VMT47AX,Honda,Civic,Coupe,2003,Green,52285,Used,1098,21480,110,22
KHUFH7E95GWB68OPP,Nissan,Altima,Coupe,1994,Green,79187,Used,1068,8391,67,42
QGRLMLZ1F8HGA9FWK,BMW,335i,Luxury,1993,Blue,13432,Used,1047,25278,178,36
F0CC5U356GAJGYMQE,Honda,Accord,Coupe,1990,Red,32741,Used,1296,7879,164,41
1TMYRV88U11ZBBSW8,Tesla,Model S,Electric,1990,Red,115926,Used,1286,14972,62,168
XNJIUF1VP82AE97E1,Volkswagen,Passat,Sedan,1999,Red,48491,Used,1098,25768,160,40
UTF208EPS65TBMTQW,Volkswagen,GTI,Hatchback,2011,Red,109822,Used,1213,31254,161,39
VIGXZ71U6ZI9YD5H9,Honda,Civic,Sedan,1995,White,30730,Used,1454,13845,115,39
53XZAWQLEI84L0GUU,Nissan,Altima,Sedan,2016,Red,0,New,1154,35060,91,44
EXAFCXJ4ILM6EJT49,Toyota,Corolla,Coupe,2006,Blue,19281,Used,1296,30819,156,16
GLHXZWVVWAI2U62AI,Ford,Explorer,SUV,2016,Blue,7,New,1195,37256,65,20
TRINOOHF5ZG0OMJCB,Toyota,Camry,Coupe,1998,Blue,119086,Used,1475,12032,73,25
X64DGW0BYPLCGBX47,Nissan,Maxima,Coupe,2016,Black,6,New,1276,23518,145,30
QNT3TELT4WJJNYM3I,Honda,Civic,Coupe,2016,Black,28,New,1066,25441,98,38
41DKG9RYFXYUEZG23,Nissan,Altima,Sedan,1995,Blue,129861,Used,1470,5143,159,12
LF4H19WCBRNZ08SJ7,Toyota,Corolla,Sedan,2003,Red,135857,Used,1371,22374,69,32
EK0ATHDGYOT07CGRZ,Nissan,Maxima,Coupe,2007,Blue,117605,Used,1017,19085,50,34
ENHAA8IZXECYO6Q8U,BMW,M3,Sports,1998,White,85459,Used,1004,39795,153,9
IUN22R3FEUXPXURKH,Toyota,Camry,Sedan,1990,White,6993,Used,1141,7578,173,35
02WSA5048S8O8BG0O,Ford,F150,Truck,1992,White,100186,Used,1047,2863,129,18
RMR5IZOBIATB8UKCC,BMW,M3,Sports,2016,Gray,13,New,1494,97873,94,10
RGC8CB4KB6C3Z0BVO,Toyota,Corolla,Sedan,2011,White,127872,Used,1218,17676,90,24
3UDIYN5R7565SR49K,Nissan,Maxima,Sedan,1990,Gray,44152,Used,1337,8081,34,24
U64CO3BAQS2PSIX66,Ford,F150,Truck,2010,Black,12573,Used,1411,29093,124,9
RQVGRZUSQ1XWUGDSP,Toyota,Corolla,Sedan,2014,Red,16,New,1180,31291,111,28
CB9UH1ERCTJC5SLXE,Volkswagen,Jetta,Sedan,1995,Green,120719,Used,1146,7354,143,23
KBEMWTOSP1TIXPYSR,Volkswagen,GTI,Hatchback,2006,Gray,14072,Used,1431,32394,194,57
LPFLZT6537HDAYWES,BMW,335i,Luxury,2002,Green,74029,Used,1496,53538,52,34
APQKPALXEYLN1P6H8,Toyota,Camry,Sedan,2011,Green,13527,Used,1413,20252,98,32
Y76ETXNY5FNK0KX3J,Volkswagen,Jetta,Sedan,1999,Red,66837,Used,1442,19223,175,44
4ECUVS4BIWZ926SKN,Honda,Civic,Sedan,2005,Blue,60985,Used,1421,24421,195,35
0WR9H7YYM18011B2T,Toyota,Camry,Sedan,2007,Gray,97187,Used,1468,17703,39,31
20TL15NX0GW37YMT1,Tesla,Model S,Electric,2008,Green,47379,Used,1098,58794,165,188
6O6F6FG8Y6BMW13GF,Volkswagen,Passat,Sedan,2010,Green,87513,Used,1291,24178,163,38
VIHCGL11WHPO51VZ0,Toyota,Camry,Sedan,2005,Blue,25940,Used,1074,27520,191,28
B9EDR4M0QCOT1OKV5,Volkswagen,Jetta,Sedan,2011,Black,90967,Used,1026,45605,78,28
ANXGKL762TQAD85WT,Nissan,Altima,Sedan,1996,White,13579,Used,1247,14738,141,40
0V06AB2ZFJXIJYTJ2,Ford,Explorer,SUV,2009,Red,120527,Used,1076,10285,171,12
H7G1L788SU3FGNZZT,Nissan,Altima,Sedan,2002,Blue,52904,Used,1336,17562,99,32
GIP623Z70GI7HTIA4,Toyota,Corolla,Coupe,1993,Green,68802,Used,1231,6457,174,29
DE0JJHU9BKYD2Y3IE,Toyota,Camry,Coupe,2003,Gray,6726,Used,1478,30286,113,37
TDWJFKKQVH72DPRN1,BMW,M3,Sports,1992,Red,148105,Used,1305,10572,44,5
9XCGQHXVEHVGJ0Z2G,Toyota,Corolla,Coupe,2009,Green,76025,Used,1408,37316,73,22
S2ERTYO4JBR6E94L3,Volkswagen,Jetta,Sedan,2016,Red,7,New,1252,35981,169,19
VZKFYCTZBA4M0II8A,Nissan,Altima,Sedan,2003,Blue,129186,Used,1021,16326,144,20
SMBDZ5RSXOYH9V1E6,Volkswagen,GTI,Hatchback,2003,Gray,92229,Used,1429,27428,36,23
8FKEPGBE0PVHWH89M,Toyota,Corolla,Coupe,2005,Gray,145519,Used,1385,17119,126,33
QFZK6ICWNQYTT5GOO,Toyota,Corolla,Sedan,2016,Black,13,New,1115,23155,138,19
IOT6RP8HZVOITX3CQ,Nissan,Altima,Coupe,2001,Green,63897,Used,1039,15462,69,16
Y6I2US8O9F5PJT0UR,Nissan,Altima,Coupe,1998,Green,13346,Used,1034,18150,138,43
NBATH2M57UP1NPWOU,Toyota,Corolla,Sedan,2013,Green,77342,Used,1321,37601,85,19
8FUM9GOBGWM6UEDPG,Nissan,Altima,Coupe,2012,Red,3,New,1018,30442,186,33
K3CR9YMZ43Y7SY8TG,Ford,F150,Truck,2015,White,3,New,1016,38220,193,19
DJRIT136VVU9FKJKV,Nissan,Altima,Sedan,1997,Black,61379,Used,1412,10702,197,38
67H5RP9LJOKHW1CY5,Toyota,Camry,Sedan,1997,Blue,128513,Used,1224,9865,104,27
NPY7WFHKJ4MYWC1CD,Toyota,Camry,Sedan,2014,Gray,97327,Used,1411,31431,95,37
W9090TFTOE4WJTPLC,Toyota,Corolla,Coupe,2015,Red,19,New,1355,49955,65,36
3WUX8B4PLUNYGKUR4,Volkswagen,GTI,Hatchback,2012,Red,21,New,1242,36217,197,48
0ZDLOD8NLC9GF5V99,Tesla,Model S,Electric,1994,Blue,34182,Used,1109,27448,171,72
K89FI6AJP2NO4ZDNH,BMW,335i,Luxury,1994,Black,75434,Used,1155,25205,69,33
XHP4LGPI02N4J85LC,Nissan,Maxima,Sedan,2004,Blue,116983,Used,1391,14031,155,17
HC3ABSNARF73FA14M,Volkswagen,Jetta,Sedan,1999,Red,79696,Used,1217,26269,33,22
5FXXO9MANDPR1XS3E,Nissan,Altima,Sedan,2007,Red,80846,Used,1444,20151,113,19
YBWTUI8YKT16FDM85,Volkswagen,GTI,Hatchback,2013,Black,126039,Used,1175,23540,184,46
084DX37KO1RQSV7LF,Honda,Civic,Sedan,1992,Black,67116,Used,1203,9745,168,25
VPFJJDQ4VM1DBS8MV,Ford,Explorer,SUV,2010,Gray,40874,Used,1219,23366,97,19
7L1UOKZ9LUEP1RCO9,Nissan,Altima,Coupe,1990,Red,114266,Used,1459,4299,55,23
3J10EKBNIL1JEAJXU,Toyota,Corolla,Sedan,2001,Green,136560,Used,1258,10272,177,24
HYTT6IDPPG84UEFAU,Ford,F150,Truck,2016,Red,1,New,1298,39892,76,17
IZSY09ZZXHVBB50AE,Ford,Explorer,SUV,2011,Blue,26417,Used,1198,32951,187,18
258LFKUOCY9Y45WFB,Toyota,Corolla,Sedan,2001,Red,74359,Used,1265,20823,129,33
QYZFNODCL03YQI3R9,Volkswagen,Jetta,Sedan,1999,Blue,85326,Used,1354,25791,35,38
BD47BX9ORXJ9QOJBI,Ford,Explorer,SUV,2011,Gray,75647,Used,1211,22147,79,17
5I91AOI0EYRQRT927,Honda,Accord,Coupe,1994,White,45003,Used,1271,13332,140,34
9M812XQMJI9685G9F,Ford,Explorer,SUV,1999,White,131643,Used,1091,6011,133,27
B595EVXKSD6GI314J,Volkswagen,GTI,Hatchback,2014,White,70863,Used,1124,40698,133,56
8DKVYYTIF7IB00ZM5,Toyota,Camry,Sedan,1994,Red,74281,Used,1055,13179,181,39
5X52CT9A2OOZRQAKO,Honda,Civic,Sedan,2009,White,145859,Used,1176,22014,88,37
EF1E6D8NHGH3Y6QQO,Nissan,Altima,Sedan,2012,Green,132911,Used,1312,18160,187,29
ODXXCF46RVYROGBZ8,Nissan,Maxima,Sedan,1995,Red,95961,Used,1412,11863,85,34
JBNRPF222BUC0VAM2,Toyota,Camry,Coupe,2015,White,15,New,1299,49783,63,39
TA4L0YCAD5NIVKHAM,Honda,Accord,Coupe,1996,Blue,136916,Used,1031,6674,150,16
N2B19ABI0AS5RUFY9,BMW,335i,Luxury,1993,White,103148,Used,1448,15241,160,31
TG3GXLDUN17X1SE6E,Nissan,Altima,Sedan,2013,Blue,102749,Used,1147,19887,161,31
LV8OJ496F02V5IPUF,Ford,F150,Truck,1994,Gray,70181,Used,1159,12545,108,9
0GTUCAKSRZQ2VJ5LH,Nissan,Altima,Sedan,1991,Black,97277,Used,1494,7259,124,42
INN8XWBB1DT6DROVZ,Honda,Civic,Coupe,2012,White,25,New,1277,37617,109,24
V32PHC26XH9CDTMQJ,Ford,F150,Truck,2006,Black,10621,Used,1165,12265,123,14
I7XRWLNVHK6J2MV3K,Ford,F150,Truck,1995,Red,11655,Used,1183,12278,87,15
L80GK3YISON5YGCFN,Honda,Accord,Coupe,2004,Green,124874,Used,1090,16337,170,27
4EOGRB8IWXG6HMFG3,Nissan,Maxima,Coupe,1992,Black,149085,Used,1446,6791,92,23
701KB4IEFKQ4DS4D2,Tesla,Model S,Electric,2010,Blue,125919,Used,1156,68724,119,199
H275KFQCKWJ532BA2,Honda,Civic,Coupe,1997,Red,74357,Used,1081,14278,120,34
L5P55C9DE2AEFVDNT,Ford,Explorer,SUV,2009,Green,120874,Used,1464,9323,178,10
XW0KG8ODJ3KYSPQOR,Ford,F150,Truck,2000,Black,124000,Used,1310,11431,138,17
W2DCHRIFYV6OPRN27,Nissan,Maxima,Sedan,2009,Red,137440,Used,1387,13499,113,18
OQVCA9O02WU8Z0Q3K,Ford,Explorer,SUV,2007,Green,74304,Used,1321,22301,131,26
1E15XEES1TKSIKTV7,Nissan,Altima,Sedan,1994,Gray,73700,Used,1431,11425,145,12
M1GENG1FDH1AWGKQE,Ford,F150,Truck,1996,Gray,11464,Used,1348,15345,44,5
WNSVF313KFSI111OH,Honda,Civic,Sedan,2008,Green,95682,Used,1244,19380,71,32
KFDWXNVHW83MNWQAF,BMW,M3,Sports,1996,Black,62618,Used,1005,19489,45,18
K8EQUH2Y6KA06MK77,Toyota,Corolla,Sedan,2011,Red,90178,Used,1492,36991,30,28
DP56ZIL0AH9QGNG6U,Honda,Civic,Sedan,2014,Blue,5,New,1250,38305,109,25
V9D1RAB4ANX20T388,Nissan,Altima,Coupe,2011,White,44999,Used,1404,31604,158,23
T1BV7PMLLM0SKE200,Nissan,Maxima,Coupe,1994,Red,60722,Used,1074,10924,58,25
7OYLZGK2C46V208XK,BMW,335i,Luxury,1990,Black,105086,Used,1157,5613,62,12
QULQ8J0WY0UYV859H,Nissan,Altima,Coupe,1994,Red,65367,Used,1413,7297,93,23
T5XUJD1VEH52JGR1Y,Toyota,Camry,Sedan,2004,Blue,40724,Used,1114,31744,79,33
CTGCDL6G0WV2N4NBK,Nissan,Maxima,Sedan,2014,Blue,23,New,1081,21763,108,40
F49LDVHWTHSHWRB43,Toyota,Camry,Coupe,1994,Blue,95752,Used,1451,11518,189,14
KBQVSCTW9AQZQG08P,BMW,M3,Sports,2013,Gray,68500,Used,1173,59397,69,9
TMFWOHGYNTP50U6RB,Honda,Accord,Sedan,2011,White,125920,Used,1424,21658,35,24
8ZWHRD5U2FABGHK3J,Toyota,Camry,Coupe,1994,Blue,80921,Used,1252,7254,138,12
2FALN1BARHLYTS69P,Nissan,Altima,Coupe,2010,Gray,34599,Used,1045,19374,55,35
IEPDW1V6I0LESBYU3,Toyota,Camry,Coupe,2002,White,53123,Used,1103,29468,52,32
NM3ARYZPV2WRG9WRQ,Nissan,Altima,Coupe,2001,Black,132355,Used,1466,13556,54,31
1OH6WGNPGKULNMM93,Volkswagen,Jetta,Sedan,2011,Red,39308,Used,1471,44030,153,34
S7ORICOWYSXS6RKUJ,Ford,Explorer,SUV,2012,Blue,100812,Used,1132,9213,159,25
4OJJA3NKSMRZ6RJVN,BMW,335i,Luxury,2000,Green,122586,Used,1189,37758,55,20
08QTWIFVGN3VU7R6Q,Nissan,Maxima,Coupe,1990,Blue,68072,Used,1006,4669,31,19
1RB9SEWTUBENKT8V6,Tesla,Model S,Electric,1998,Black,96165,Used,1308,62411,184,156
SSUNXSFBRHQAVQ7SC,Toyota,Camry,Coupe,1997,Gray,25883,Used,1317,16050,112,42
M8HN1RCB2JHCFTECG,Toyota,Camry,Coupe,2011,Red,135245,Used,1134,19862,55,27
E2NLCF7HGNUBUVIIX,Volkswagen,Passat,Sedan,2000,White,81635,Used,1162,15299,68,27
5TI26DBBFT7DB3EAT,Nissan,Altima,Sedan,2010,Green,149491,Used,1032,16849,33,23
LIIHQ14QZGHA6EUTB,Nissan,Maxima,Coupe,2013,Black,133594,Used,1023,19002,103,27
505CU13WISOS9IUIO,Ford,F150,Truck,1993,Green,63535,Used,1380,10238,187,18
FX09OTLW57U7WFXSA,Nissan,Altima,Coupe,1997,Blue,103308,Used,1070,6354,166,20
S2FS0MI2WTYJ0I1S3,Ford,Explorer,SUV,2012,Gray,139759,Used,1016,14033,31,10
XXGV0CS31SWRCI7O9,BMW,M3,Sports,2015,Black,3960,Used,1275,82986,118,17
ZCIPT9UXQMYVEDD89,Honda,Accord,Sedan,2013,Blue,42736,Used,1404,38540,180,25
KFCCM5W0F6QJKU3O6,Tesla,Model S,Electric,2014,Gray,31124,Used,1232,94585,107,132
5EZ2D8ZRRG8LVU56G,Honda,Accord,Sedan,2014,White,11,New,1410,35766,152,23
Y2K0BVJY3JRPBPDCA,BMW,M3,Sports,2001,Green,39232,Used,1166,40385,171,24
08THYQOBYC1X6YB53,Toyota,Camry,Sedan,1990,Black,42565,Used,1358,4760,49,20
4NQMQL28RDJ3EJSIX,BMW,335i,Luxury,1995,Blue,79219,Used,1131,14915,82,19
TIEXZ4NMLN8FV2FZ6,Nissan,Altima,Sedan,2005,Black,125409,Used,1409,18182,92,31
83BPHPX2UEE3UP9XO,Toyota,Camry,Sedan,1991,White,114052,Used,1403,7384,110,40
JZ2L6OAEBXDPOZOXU,Honda,Accord,Sedan,2014,Red,38644,Used,1211,22578,141,44
1MIMD6HRUKUHRIL64,BMW,335i,Luxury,2007,Red,87121,Used,1274,38720,169,17
NP6H6GK356T0E317Z,Toyota,Camry,Sedan,1996,White,117308,Used,1269,7713,31,17
OWZ37WWEVD9JQOZ03,Volkswagen,Jetta,Sedan,1994,Black,59739,Used,1386,16680,37,40
INOAW8SVL2GJV8XQQ,Ford,F150,Truck,1995,Green,24245,Used,1346,6389,185,7
FGHLKYU0P1UD15UCV,Nissan,Maxima,Sedan,2008,Blue,59946,Used,1222,19802,134,39
LUM35PON958C36PUB,Volkswagen,GTI,Hatchback,2014,Black,35294,Used,1118,38648,149,41
OHO6E8U12ZNISASD9,Ford,F150,Truck,1999,Green,127005,Used,1151,9252,46,8
BH0L7FXTXUTTTHNTM,Volkswagen,GTI,Hatchback,1994,Red,94499,Used,1364,13126,117,56
OR2EU39TY1L0WT99E,Ford,Explorer,SUV,2008,Red,40433,Used,1443,20131,110,8
POTL2JU3CTDXT1S4W,Ford,F150,Truck,1999,Blue,87658,Used,1209,10753,198,13
Q7JSSPB9QP4LMTS9H,Ford,F150,Truck,2015,Green,59394,Used,1218,38375,117,18
JLVO7Q5ODRMX7MRSS,Toyota,Camry,Coupe,1997,Green,91314,Used,1169,16957,196,23
X2H7CBHOUMLU2R37R,Nissan,Maxima,Sedan,2007,Blue,106414,Used,1044,18852,77,34
LI3U1KXQXAQR97S3H,Volkswagen,Jetta,Sedan,2013,Black,67157,Used,1410,34275,54,18
K4IZUAF7I4OP4K0QY,Honda,Civic,Coupe,2007,White,63278,Used,1329,20850,85,36
CS9DWNPLWXNGT2XRQ,Nissan,Altima,Sedan,2016,Black,15,New,1289,24551,139,37
FA8KOLXO4JW9SW1XU,Volkswagen,GTI,Hatchback,1994,Red,119128,Used,1467,11017,163,27
MQHPXXYN2YON3K7JT,Honda,Civic,Coupe,2014,White,69063,Used,1149,37678,142,33
KCKXHI2PEDA685OGQ,Nissan,Maxima,Coupe,2003,Black,3888,Used,1398,20574,101,41
RHU2C51SL8GS0T5XX,Nissan,Altima,Sedan,1998,Blue,62947,Used,1232,11063,75,29
DUFR9B9BCFLJOXN4B,Toyota,Corolla,Sedan,1996,Gray,105613,Used,1479,5886,33,13
4NHIS9VV2BDMFAVV9,Nissan,Altima,Sedan,1998,Black,27281,Used,1073,12766,140,16
3N9OX1I7NN9RZ2X1I,Toyota,Camry,Coupe,1998,Black,108463,Used,1115,10969,35,15
SXPKI2Q1YS015IN2A,Tesla,Model S,Electric,2004,Gray,125545,Used,1323,41949,190,128
P9JZ0HKJUERCNPREN,Volkswagen,GTI,Hatchback,1999,White,72781,Used,1371,23735,167,57
4JL0OMVMNJW5GFE8E,Honda,Civic,Sedan,2001,Gray,118926,Used,1272,11630,164,43
OE98YQ2ZWAEJ0GPAZ,Ford,F150,Truck,2012,White,3,New,1164,22655,114,10
F9PGDRDNB83H9QYN9,Honda,Accord,Coupe,2004,Green,138060,Used,1237,10996,59,17
DV3XYS421APTQTN4Y,Nissan,Maxima,Coupe,2013,White,4948,Used,1052,39870,193,41
QVSERKWDP0LPJNQEN,Nissan,Maxima,Sedan,2005,Black,80644,Used,1026,15707,31,37
RYPFP44SEZ0V2CHHG,Tesla,Model S,Electric,2010,Red,137861,Used,1401,84932,42,167
H8EDJBZPKSQH74HQJ,Nissan,Maxima,Coupe,2001,White,48818,Used,1144,13855,180,28
WUQ1FIDGL93XGXIP3,Honda,Accord,Coupe,2005,Gray,94430,Used,1352,21944,198,43
ZIAR408I56FUKS49W,Nissan,Altima,Coupe,2011,Black,44640,Used,1438,33794,100,38
R6FTRH7PMM0JEHJXT,Ford,F150,Truck,1998,Black,147269,Used,1126,6940,99,13
OKBVHRFOLK3PJ8BTB,Volkswagen,Passat,Sedan,1999,Gray,19572,Used,1042,24559,107,16
OHQ9LMT6H4R7EHVOI,Ford,F150,Truck,1996,Black,114569,Used,1426,6555,136,7
XUWCCAXEKRZMZGEAQ,BMW,M3,Sports,1991,Green,132814,Used,1161,10970,83,17
6NOCZVU22F9XMILH7,Ford,Explorer,SUV,2008,Black,121804,Used,1397,14692,131,22
73ZU8ZG9SDYR7GXD0,Ford,F150,Truck,2002,White,136716,Used,1021,16976,158,9
101W02B4CCQ5R0LI4,Toyota,Camry,Coupe,2007,Red,38871,Used,1083,34697,195,39
0KDYTFDTNICZW70OE,Honda,Accord,Sedan,1995,Blue,147807,Used,1411,7958,190,44
G58ZAPCHB8WOFAPC5,Toyota,Camry,Coupe,2014,Black,99221,Used,1360,29132,126,28
XFCVLIHN8SNWHXTVN,Toyota,Camry,Sedan,1999,Blue,65311,Used,1211,22118,151,32
O3PF09JZZH0H0Q3VJ,Ford,Explorer,SUV,2001,Black,84169,Used,1313,20110,152,7
T5UWGVEXG61683KTJ,Tesla,Model S,Electric,1994,Green,45801,Used,1057,25559,85,119
P96BAUVFNQB8FYF5A,Honda,Accord,Coupe,2010,Gray,8683,Used,1365,18770,195,18
SCATO93IO1SI6GP0I,Nissan,Maxima,Coupe,1993,Red,140065,Used,1211,6793,92,34
H35PUJ5XQ82PY6KHQ,Toyota,Camry,Sedan,2012,White,15,New,1318,28513,166,43
K8UAV1SGDKN8OVBK4,BMW,335i,Luxury,2000,Gray,133235,Used,1058,42655,30,34
AAD9I9J0J1MI3EQ8I,Honda,Accord,Coupe,2009,Red,95532,Used,1293,20945,82,35
F4QINCFD86FDHTQJ7,BMW,335i,Luxury,2013,Blue,76989,Used,1323,47726,42,19
5YR7EW06POCGFX4WR,Toyota,Camry,Coupe,2012,Gray,119650,Used,1438,29416,148,36
IMWSBJQ6EKWGCPVFC,Ford,F150,Truck,2006,Gray,57967,Used,1194,25565,72,17
Q9U3CYOLAG77VT6IJ,Volkswagen,GTI,Hatchback,2002,Gray,80088,Used,1471,33056,184,54
CC5IX9I361QISU2JA,Volkswagen,Jetta,Sedan,2004,Gray,12002,Used,1441,40797,190,24
BIQ43EGTH1NFUFQN0,Honda,Civic,Sedan,1992,Green,122672,Used,1115,3725,161,23
I92P7EUM5GU8AKRV4,Volkswagen,Passat,Sedan,2000,Gray,137271,Used,1343,18754,45,15
2L1ZQQMMSOAIO27DM,Volkswagen,Passat,Sedan,1997,Green,114799,Used,1171,16348,177,16
ZVYEHV6TYWY00L0BZ,Nissan,Maxima,Sedan,2012,White,7,New,1267,22920,32,23
Y3N6EZ5E12WGJ6VZ0,Nissan,Maxima,Coupe,2009,Red,17529,Used,1044,18346,39,36
ZM2MVZ6ZLXG3HAR05,Honda,Civic,Sedan,2002,Red,104817,Used,1484,12143,193,31
G0TO654RYJ0KM8IXD,Toyota,Camry,Coupe,1997,Gray,124455,Used,1159,10939,106,42
JI4ZNZGTSMX56E2IQ,Volkswagen,Jetta,Sedan,2011,Red,124417,Used,1411,17893,172,32
2LLKZ3KZG95HAZRVW,Nissan,Altima,Coupe,2010,Red,3811,Used,1244,27223,159,44
JDDA8FG8GX28AN06C,Toyota,Corolla,Sedan,2014,Blue,12,New,1405,43334,34,34
DX87D8F6X7UKDKEIN,Toyota,Camry,Coupe,2014,Blue,123516,Used,1281,18533,99,22
UPBU1TAJ1EWXPD198,BMW,M3,Sports,1999,White,16024,Used,1441,62682,81,23
NVRNZF2ZUABBGGAZF,Nissan,Altima,Sedan,2011,Blue,33396,Used,1268,27603,42,23
3HD5CUW3KHNFSZBDO,Nissan,Maxima,Coupe,1991,Red,147681,Used,1141,4067,137,15
D85TLTR7Z8DVG537J,Honda,Civic,Sedan,2004,Green,112998,Used,1455,15259,176,22
WRXB4NSNT5PZP3T4T,Nissan,Altima,Coupe,2005,White,8559,Used,1188,23780,77,26
17N9A0WVUKITMP8BX,Honda,Civic,Sedan,1997,White,17693,Used,1197,17547,40,25
46X73JQ8QASLHH3W1,Toyota,Corolla,Sedan,2005,Gray,56915,Used,1278,32767,147,30
K6PKEUGM706E10K58,Volkswagen,Passat,Sedan,1997,Green,58887,Used,1363,24652,164,22
3EPTGJ3XH0X0T3COZ,Volkswagen,GTI,Hatchback,1992,Green,82425,Used,1357,6870,91,46
UPXQ8Y2HSU08X93EY,Honda,Accord,Coupe,2005,Black,32104,Used,1019,18746,187,30
URAIFH33ZJ5SXJWEB,Toyota,Camry,Sedan,1990,Red,89536,Used,1302,8467,76,32
K9G8XSMMZXZABPWG3,Toyota,Camry,Coupe,2011,Blue,43123,Used,1050,33836,149,38
PUQ8OND0YI9HWZQIN,Toyota,Corolla,Coupe,2005,Green,126933,Used,1445,17427,124,37
849BNE2PDDJF798PU,Honda,Accord,Sedan,2001,Gray,62690,Used,1216,18268,66,20
C71M7K1COLR7MUGX2,Honda,Accord,Coupe,2000,Green,145918,Used,1041,8341,63,43
9KBYGACFYBYKYGZSN,Volkswagen,Jetta,Sedan,2010,Black,103503,Used,1209,29428,164,29
CMKCSJDJO1EJIHOHA,Honda,Civic,Sedan,2007,Black,66947,Used,1314,17110,113,17
SHVB0TLV9UNBC53KM,Volkswagen,Jetta,Sedan,2000,Gray,31403,Used,1211,26472,44,39
89XPDFYHP28XR8DN9,Honda,Accord,Sedan,2003,Gray,132063,Used,1413,14124,192,26
9KNHLAD3WZV0IUPHG,Toyota,Corolla,Sedan,2010,Red,82619,Used,1035,24130,107,25
CRF4E8L2OGLA83K69,Volkswagen,Jetta,Sedan,2007,Blue,77869,Used,1162,36234,72,29
66YNHCA4Z1FS75YPP,Nissan,Maxima,Coupe,2005,Red,114690,Used,1254,10514,158,42
6MSGA4HE73ZYJYKPF,Honda,Accord,Sedan,2010,Green,89239,Used,1347,26868,61,27
IF4R0E6YAEF67ME21,Tesla,Model S,Electric,2001,Gray,73272,Used,1193,61230,105,196
SEAQ7JPNZFQLSX8BX,Nissan,Altima,Coupe,2004,Gray,68032,Used,1145,15795,120,43
XDQFB3QJ84UZZJXSE,Honda,Civic,Coupe,1995,Blue,27258,Used,1054,10893,76,41
EAT490VCVJSH3R9HW,Toyota,Corolla,Coupe,2006,Red,99369,Used,1167,21878,72,16
8ELFBKJ8AMFZ6EAU6,BMW,M3,Sports,1990,Green,33563,Used,1045,19119,137,18
GIXNSIXD7WR5CI6LU,Nissan,Maxima,Sedan,1992,Black,145705,Used,1030,7112,181,22
GTZHUDZAAA99FBEYD,Tesla,Model S,Electric,2004,Red,32216,Used,1486,82450,157,152
YPQ6OIZX1ZEIYZJC1,Honda,Accord,Coupe,1998,Blue,99358,Used,1400,15687,115,23
KB10CQQZQTJIOSY3H,Ford,Explorer,SUV,1999,Gray,32169,Used,1169,10493,139,22
Y2009XCJJDEBV9DA3,Volkswagen,GTI,Hatchback,2012,Green,96241,Used,1363,34607,113,52
2ACSWO1218XRGF770,Nissan,Maxima,Sedan,2001,Black,105299,Used,1440,9909,128,30
46ZGKUW92UY69843S,Honda,Accord,Sedan,1992,Red,58799,Used,1474,9843,197,32
8IFTIFK65NZRUP1PP,Honda,Civic,Coupe,1994,White,79682,Used,1242,8161,131,40
QDFE58ONIJQMJL02L,Ford,F150,Truck,2010,Black,5962,Used,1491,19664,134,6
M5H4RSRHVC9PVRWF8,Toyota,Corolla,Sedan,2011,Black,72923,Used,1384,31023,159,33
1F85VIHLUCFQVCPNB,Ford,Explorer,SUV,2016,White,12,New,1347,33071,155,17
KCP62W2SQBLRDPI9P,Toyota,Corolla,Sedan,2000,Gray,40183,Used,1153,19478,58,43
03KM5RWDMSHDZ1MLT,Nissan,Altima,Sedan,2015,Black,100312,Used,1082,21857,78,42
HY6SMQ2M5FW9JAVUK,Nissan,Maxima,Sedan,2013,Black,22483,Used,1476,40173,87,30
GOQPVS7NWZZA5ZHL4,Volkswagen,GTI,Hatchback,1995,Red,91234,Used,1243,15458,85,52
CXIV83JXY57EFUK25,Tesla,Model S,Electric,2013,Blue,7868,Used,1274,102405,193,185
SWB3WYOT37ZWJ98BK,Honda,Accord,Coupe,1993,White,71874,Used,1325,6253,187,26
5IIEK88YCRUUHRCRZ,Honda,Accord,Sedan,2002,Red,66560,Used,1323,13069,130,37
6BP68V60LWM4V59DN,Volkswagen,Passat,Sedan,1996,Red,69944,Used,1221,16731,161,13
HR2A3W87Z31X430X4,BMW,335i,Luxury,1997,Gray,33975,Used,1097,46002,141,36
XEOPLPZEM9TJ5715F,Toyota,Corolla,Sedan,2000,Black,85431,Used,1048,18606,52,31
MXKIJCJNL4C1LMIUY,Volkswagen,Passat,Sedan,2006,Green,62648,Used,1067,31255,101,32
3E6ZH62R36961WVEA,Honda,Accord,Coupe,1995,Red,108867,Used,1353,5393,90,20
HDYEKS5WCS2HYBSHO,Nissan,Altima,Sedan,2016,Green,20,New,1044,24052,42,31
YKRBV13GSTXVJFQI6,Volkswagen,Passat,Sedan,2011,Gray,148762,Used,1242,36390,120,31
DIH2206IGBGAYF48Q,Toyota,Camry,Sedan,2003,Black,17692,Used,1195,30205,49,27
OKKVSR93F2BMKD33X,Toyota,Corolla,Sedan,2013,White,147222,Used,1428,33478,140,22
T12JR7VU36LWP2WT1,Volkswagen,Jetta,Sedan,2000,Black,65631,Used,1188,17722,192,43
TGEP7JZM05E44G1XN,BMW,M3,Sports,1998,White,122006,Used,1173,22425,189,20
TRPO5GUOVU2Q1TV54,Nissan,Altima,Sedan,2003,Blue,83087,Used,1338,22993,130,38
9VM0ZGYDL1TETI39P,Toyota,Corolla,Coupe,1993,Blue,81757,Used,1191,10068,39,22
JB0D30RT0YLTOUJQX,Ford,Explorer,SUV,2016,White,14,New,1240,22373,53,16
V8IK81NCJ7TISKRB3,Honda,Civic,Sedan,1997,Black,25499,Used,1281,9068,93,21
1N137WW08MJ3BR4UD,Toyota,Camry,Coupe,1996,Green,34029,Used,1122,12759,89,15
SCJVKS1EHGZQ9BW2J,Honda,Civic,Coupe,1991,White,72344,Used,1129,8246,191,12
LJ8NLQ4S1V9RBVVNR,Ford,Explorer,SUV,2009,White,41829,Used,1384,16151,51,22
B73OXD02LDETA1ALZ,Volkswagen,Jetta,Sedan,1998,Green,23960,Used,1112,27451,189,44
FPKUQP7LPD8D00HCT,Volkswagen,GTI,Hatchback,2005,Red,66958,Used,1243,25661,168,39
DJ79A84VJ8Q9DR4RH,Nissan,Maxima,Sedan,2002,Blue,31072,Used,1416,16230,149,35
SDDRM0M4IBK0E25TD,Nissan,Maxima,Sedan,1996,Black,39080,Used,1448,14062,182,34
NFFQAFG8EPB1JP8TP,Toyota,Camry,Coupe,2000,White,104383,Used,1153,9959,43,20
PL6SJSDVLLJ86KQQ0,Honda,Civic,Coupe,2009,Blue,24233,Used,1222,26194,41,27
0RFSY4POFSUHTXBIF,Ford,F150,Truck,2010,Green,36353,Used,1357,19441,125,7
GQ7M11IMXDNPXFMK7,Toyota,Camry,Sedan,2003,Green,35525,Used,1476,13843,186,39
AFSB0UKSB3GH4APQG,Nissan,Maxima,Sedan,1992,Red,47581,Used,1138,9526,94,30
59K5PQF0D4VSF2LZS,Ford,F150,Truck,2004,Black,26354,Used,1271,26590,82,13
E361M7RK98S2OBQ13,BMW,M3,Sports,2008,Black,57159,Used,1414,45817,66,18
H7N6BCOTILJZGUNX7,Toyota,Corolla,Sedan,2008,White,63088,Used,1107,24253,145,24
DZM68Q8RG1Z81MMSO,Volkswagen,GTI,Hatchback,2014,Black,18,New,1273,56855,67,58
CT14OX5SKQ1ZD94C2,Volkswagen,Passat,Sedan,2007,Red,131309,Used,1384,18812,139,37
QUW8TGHFGJUMN2IBA,Tesla,Model S,Electric,2010,Green,79513,Used,1466,63729,75,100
TM81VPMU15QM491RU,Nissan,Maxima,Coupe,1996,Green,122070,Used,1188,6084,139,21
CFSXWTOAIN2OHG9ZT,Honda,Civic,Sedan,2003,White,94064,Used,1352,14299,196,26
18TD94OLAEHCCI6ZD,Nissan,Altima,Sedan,1993,Green,38841,Used,1120,9382,185,30
0AFD93ADRUN5LGBOB,Nissan,Maxima,Sedan,2016,Blue,26,New,1313,23525,142,41
CDC4R6ARVP3MVBV24,Volkswagen,GTI,Hatchback,2014,Gray,141031,Used,1264,18777,106,34
90KXYAFJGWJ48WAA1,Nissan,Maxima,Coupe,2012,Blue,127679,Used,1338,22303,166,19
2HUJNYZ0RE6Y2Y3XO,Ford,Explorer,SUV,2001,Green,80782,Used,1314,11707,176,23
LEBW06SGDCJ3VMSB0,Toyota,Camry,Sedan,2000,Green,111187,Used,1158,7947,42,35
51VB9T6F9JAGEPER0,Honda,Accord,Sedan,1998,Blue,23020,Used,1022,14807,134,30
O2DFPAJRYQVO7YSYU,Nissan,Altima,Sedan,2007,Gray,81153,Used,1209,20767,58,32
YH0B4WWQ40HS4GLXP,Toyota,Corolla,Sedan,2006,Red,57016,Used,1032,24217,101,39
DUYM6N12OK1K3RZDW,Ford,Explorer,SUV,2013,Red,93755,Used,1096,15787,72,25
HVFPI3E6A713POMU3,Volkswagen,Passat,Sedan,1992,Gray,96666,Used,1394,8176,170,23
QJKVOW9P71Q27D4T4,Honda,Civic,Sedan,2012,Black,53485,Used,1046,33641,194,18
T89042IOQ2X8RDWEY,Ford,Explorer,SUV,1998,Black,67899,Used,1485,13777,52,12
W0WKUTTFG2PMPBXZ6,Honda,Accord,Coupe,2002,Green,10425,Used,1418,24295,135,32
RPBD9O9DDB0WUJL7A,BMW,335i,Luxury,2005,White,43854,Used,1328,74875,31,26
EKHAK8PGSQ5CI5531,Volkswagen,Jetta,Sedan,1991,Blue,54403,Used,1288,7470,191,29
SG5UGNXPMB5242ORU,BMW,335i,Luxury,1998,Green,106573,Used,1107,15446,30,27
FET3G3XSFDLNG2KOR,Volkswagen,Jetta,Sedan,2004,Blue,121484,Used,1232,14325,141,25
RMIIOYGROCCMOTA05,Ford,Explorer,SUV,2003,Blue,89896,Used,1227,14465,148,15
UNX27Q0CRIIZ55620,Honda,Accord,Coupe,2008,Gray,69669,Used,1058,18800,147,43
MJ330XXQK2M16O649,Nissan,Altima,Coupe,1991,Gray,133224,Used,1326,4073,151,17
THXA3E3VFH72RCLBY,Nissan,Altima,Sedan,2002,Gray,4050,Used,1252,18600,63,17
MDL5ZJUEY3HS579EU,Ford,F150,Truck,1991,Green,130937,Used,1199,6437,58,19
0I1JWAVA0OETKHNPO,Toyota,Corolla,Coupe,2006,Gray,88199,Used,1417,31819,164,36
I6TAHY4MMV2G4ZXV0,Honda,Accord,Coupe,2010,White,44269,Used,1020,33522,44,34
YJE6232SMMMBRQKWK,Toyota,Corolla,Sedan,2004,Gray,39135,Used,1110,31076,185,22
7A0JR2TDST5130NVE,Nissan,Altima,Sedan,2016,Red,28,New,1167,24244,139,36
IJK25ZWIEY270NINI,Toyota,Camry,Sedan,1993,Green,90215,Used,1348,10153,133,15
QHN82CTZIU19PICM2,Nissan,Maxima,Coupe,1994,Gray,147931,Used,1016,9081,61,21
A3YB7G0S9KLTQRZ88,Toyota,Camry,Coupe,2002,Black,53834,Used,1016,25897,87,27
ZWLG2N3E3VY1LCA4C,Honda,Accord,Coupe,1994,Blue,91267,Used,1124,7478,150,20
X3HC2N8KTYERVF8OB,Volkswagen,Passat,Sedan,2014,Red,91686,Used,1104,46112,105,44
42GVRFKECHCQUV4XA,Ford,Explorer,SUV,1990,Blue,15046,Used,1076,6854,140,18
88Y4U39NL8TZCVOI0,Tesla,Model S,Electric,2002,Green,92172,Used,1360,62574,128,169
314DABOMLRQ9VY3CF,Ford,Explorer,SUV,2007,Gray,122520,Used,1285,19237,100,9
1JTUH5MGSKTSJ1FN8,BMW,335i,Luxury,2010,Red,79981,Used,1224,52036,182,35
36J3MX3PMNHI1DVPU,Nissan,Altima,Sedan,1991,Blue,47569,Used,1363,7914,199,44
3A35HOKSS81E8UFG6,Volkswagen,GTI,Hatchback,1995,White,128465,Used,1050,13276,188,44
HNQPQZ0QQA7QSOIZW,Tesla,Model S,Electric,2007,Gray,146008,Used,1333,60978,123,80
YP0P4BDCAT18FSGMT,Ford,F150,Truck,2009,Blue,124753,Used,1127,15547,161,6
3PM5R8UZ1VCY36DH8,Toyota,Corolla,Coupe,1998,Blue,13974,Used,1064,14732,192,37
F55NL55LP3ZLXKOTA,Nissan,Maxima,Sedan,2004,Gray,20901,Used,1191,27522,78,35
4Q6D4OVZA3FZ8Z5BM,Nissan,Altima,Sedan,1998,Gray,131629,Used,1465,9003,142,39
X6AMODB7OOLOSGTMX,Volkswagen,Passat,Sedan,2003,Gray,72921,Used,1142,17687,103,31
1G45NZMNHN4KXPMI7,Nissan,Altima,Sedan,1999,Red,8960,Used,1477,13336,136,29
OZWDPF1N99VDR4VNQ,Nissan,Maxima,Sedan,2012,Gray,4,New,1157,24914,97,27
2HR8P37PTCM3ARGGE,Volkswagen,Jetta,Sedan,1991,White,101238,Used,1492,7037,58,13
28S21BXM5P3ZF53TO,Honda,Civic,Sedan,2013,Green,136052,Used,1288,24786,52,41
C8317P360J3OAS1G8,Honda,Accord,Sedan,2006,Blue,143176,Used,1422,16365,196,41
XA1O2D8C0JZV92QOQ,Honda,Accord,Sedan,2013,Blue,109332,Used,1164,19915,195,39
XBC4LLUR2R4K9MA7B,Toyota,Corolla,Coupe,2006,Black,60114,Used,1398,28605,161,32
OWKA8X4MPNJ7BJLB0,Honda,Civic,Sedan,2003,Green,57660,Used,1166,12583,150,27
2BQ3FNTJD2HKU0NO6,Toyota,Corolla,Coupe,1999,Red,18598,Used,1308,17774,134,24
58EHFST5DJTTT3KFV,Toyota,Camry,Coupe,2009,Black,133659,Used,1112,20627,193,37
BH08Y6PX6E1BEBWK6,Ford,Explorer,SUV,2012,Red,40300,Used,1126,14347,140,24
O61SDEJPJ8W424NAW,Volkswagen,Jetta,Sedan,1996,Green,128054,Used,1263,7203,146,28
ZBKLOGKZ2QX2WL7YW,Honda,Accord,Sedan,2011,Black,17397,Used,1067,29921,197,30
0A6XWQFB7499A993X,Volkswagen,Passat,Sedan,1998,Red,46146,Used,1099,24369,96,40
6KZAO0VY5N364UKC1,Nissan,Maxima,Coupe,1997,Blue,90589,Used,1304,13871,61,16
RPATQAREXLOPBYYKW,Honda,Accord,Sedan,2013,Green,23,New,1125,21727,41,18
K2YR7STQXO83WPDBJ,Tesla,Model S,Electric,2009,Gray,71840,Used,1037,92179,116,99
WZL1VWTDT7IUPWYO7,Volkswagen,Jetta,Sedan,2001,Gray,66505,Used,1300,25131,167,18
BGYWFRWKJO7Y304E1,Honda,Civic,Coupe,1993,Red,17381,Used,1104,12473,113,15
RSUB2W4WY2D0R3ZAW,Toyota,Camry,Coupe,2008,Black,6689,Used,1055,30335,143,29
98N377SGV80IENUGY,Honda,Civic,Coupe,1994,Blue,38648,Used,1189,8714,103,31
I94V2L9GW8JIFYOAF,BMW,M3,Sports,2000,White,92065,Used,1283,56931,180,16
IO8L2KEDBXFEPROU9,Nissan,Maxima,Sedan,2007,Green,66491,Used,1289,28214,150,33
G7KDNNVZ8LTNZNH5P,Nissan,Altima,Sedan,1992,Red,3797,Used,1170,9192,57,35
OVON85CAJDIOVWKMK,Nissan,Altima,Sedan,2003,Gray,43276,Used,1402,13343,86,29
PJM2EPPIP2C5H5268,Volkswagen,GTI,Hatchback,2001,Red,135973,Used,1350,14162,62,54
R6AAQF6FOJ9N9VG9A,BMW,335i,Luxury,1997,White,137473,Used,1292,20275,149,22
8YSH4QEPN8SC00OO8,Honda,Accord,Sedan,1996,Blue,126903,Used,1409,5518,158,14
WQJJHDEP84ZE68BI1,Nissan,Maxima,Coupe,2004,Red,136383,Used,1366,11589,58,27
HQI76KZOVK39O3YF0,Honda,Accord,Coupe,2012,Gray,16,New,1454,34507,83,35
D3UDOPG41KM4VOMI0,Nissan,Altima,Coupe,1999,Gray,131210,Used,1196,9822,64,24
T7P14TQREYLR151YK,Nissan,Maxima,Sedan,2002,Green,133422,Used,1094,13956,132,27
XIEGZTDSGZUV7XSA1,BMW,M3,Sports,1994,Red,41030,Used,1384,31862,166,16
9HQCPNS4CVL5NDIDY,BMW,335i,Luxury,1990,White,64360,Used,1417,21060,143,17
WANDRQ9C46PE83951,Toyota,Camry,Coupe,1997,White,121092,Used,1420,13528,120,31
ARXGVQUHQ1C6K034N,Toyota,Camry,Coupe,2004,Black,100025,Used,1254,10035,30,24
MIKSB7E7GT0TAJOP4,Toyota,Camry,Sedan,2008,Black,51928,Used,1470,18466,45,37
QY7U45ETE1U3YVO47,BMW,M3,Sports,1993,Blue,127719,Used,1430,19266,150,11
MVOVMEW8Z244JTZ5M,BMW,335i,Luxury,1996,Black,84527,Used,1420,40661,175,28
JGXQRB3RR7YGVRCRY,Volkswagen,GTI,Hatchback,1990,Blue,43884,Used,1045,8860,106,31
LMYR8VOQ5KOB2EHQV,Nissan,Maxima,Sedan,2007,Gray,94973,Used,1017,26945,121,18
5RIVGSSCWTD8AFDDQ,Volkswagen,GTI,Hatchback,2001,Red,68867,Used,1293,17149,99,47
AF3XGRSHANETLWAPT,Toyota,Corolla,Coupe,1993,Green,57804,Used,1389,13033,34,13
E1E0E4YOSEYB8YFCH,Volkswagen,GTI,Hatchback,1990,Red,143593,Used,1217,4494,96,41
CBG563OZ2U3WGOM55,Honda,Civic,Sedan,2006,Black,51416,Used,1060,28497,117,44
C1ZIQVA7BJZMOB3BB,Ford,F150,Truck,1992,Gray,30329,Used,1185,9275,170,6
L9CDPZQHK9BTRWDKK,Toyota,Corolla,Sedan,1997,Black,35023,Used,1145,18363,104,44
XZFMF2ZWLDC2PLZQI,BMW,M3,Sports,1990,Blue,135568,Used,1134,14297,107,11
6040G6CN68ZQCF49Y,Volkswagen,Jetta,Sedan,2005,Gray,55822,Used,1145,36824,68,40
UKFMNURYH25LTW582,BMW,335i,Luxury,2007,Red,98520,Used,1180,75708,139,30
I2N87H8ZTZFPFBJPN,Honda,Accord,Sedan,1990,Black,43454,Used,1192,5553,190,26
6KBCGGPT7VESKOCLK,Toyota,Corolla,Coupe,1996,Red,133689,Used,1405,7583,148,13
R2NUWU63OX2367MRY,Nissan,Maxima,Sedan,2009,White,133453,Used,1185,20903,168,27
UE6X9JFQ14MVE9DJ1,Ford,F150,Truck,1992,Black,136737,Used,1311,7331,145,18
SV238KRD07XGHSQPP,Honda,Accord,Coupe,2016,Black,9,New,1318,35015,160,41
626ZQUEC93FUC6QOO,Ford,Explorer,SUV,2010,Green,47525,Used,1367,25216,162,18
VYBA2AE3GKI98QOZ3,Toyota,Camry,Sedan,2006,Blue,97471,Used,1180,22234,156,24
BV1065XZTSJO4154Q,Volkswagen,Passat,Sedan,2012,Gray,124536,Used,1120,22119,85,38
L4010K7HUGSA5EPJU,Nissan,Altima,Coupe,2009,White,13393,Used,1012,26385,54,29
X7MYXVOT3KTC3WFYA,Nissan,Altima,Sedan,2006,Green,17145,Used,1058,17060,165,24
DMCTV13ZQ21X9G6B0,Honda,Accord,Coupe,2009,Red,147813,Used,1146,23976,78,37
OOHJIIYMX276JSC2U,Nissan,Altima,Coupe,1997,Blue,109506,Used,1319,5725,159,41
5SHBH7S8KC5MR1W30,Toyota,Corolla,Sedan,1998,Blue,64265,Used,1071,21963,112,34
JKI3AA2CXV6R5X9GK,Honda,Civic,Sedan,2003,Gray,54836,Used,1264,24655,165,23
3CNL5P15UZCPI1CDR,Honda,Civic,Sedan,1994,Green,117764,Used,1125,8163,195,22
XGZUZ9KBLA90EMIAD,Toyota,Camry,Sedan,2012,Green,60102,Used,1454,38707,182,43
7VEALKE2ZYSU9Z17P,Ford,Explorer,SUV,1994,Black,121232,Used,1468,4124,81,8
NBUAPHBRAFY421T93,Nissan,Altima,Sedan,2016,Black,0,New,1052,29229,43,29
PK8Z41370EJ22P5D1,Honda,Civic,Coupe,2016,Green,20,New,1341,29826,133,31
YO2CA7N00X8Y1O3B7,Toyota,Corolla,Sedan,1999,Red,38316,Used,1253,23326,142,41
TAX462XMVCDM6DG1W,BMW,M3,Sports,2001,White,130413,Used,1167,43779,197,11
V403VGVEJNC4UZIOO,BMW,335i,Luxury,2009,Green,35981,Used,1020,73976,145,19
2TBH3KKY4EL946W3H,Nissan,Altima,Sedan,1991,Black,90468,Used,1427,8162,108,30
MG5HRV534N9INFWAR,Honda,Civic,Coupe,2010,Green,78074,Used,1423,26341,145,19
A17VIZ8YKRISAIGBV,Ford,Explorer,SUV,1997,Red,147139,Used,1436,9153,153,21
GBH5QOINCP0GQOF0U,Nissan,Maxima,Sedan,2002,Blue,36210,Used,1149,12982,30,34
LHT8JNDAGKX8326YE,Toyota,Corolla,Coupe,2014,Blue,58512,Used,1328,26475,142,31
T7J24D31J92U13MSA,Volkswagen,GTI,Hatchback,1995,Gray,57282,Used,1184,15376,111,26
76X5L6684OXC2TMRP,Toyota,Camry,Coupe,1990,Red,101955,Used,1098,5597,92,34
ZLLOJX4BBFPENDRP8,Toyota,Corolla,Sedan,2000,White,45107,Used,1295,14102,157,30
DF9PPC7DJTRVN1FVW,Nissan,Altima,Coupe,2010,Gray,110996,Used,1475,17885,117,40
VP1P62TTVRTTJYZJY,Tesla,Model S,Electric,2008,Black,3877,Used,1062,74989,93,111
AEAZU6KTFA735ZQDQ,Ford,F150,Truck,1992,White,82197,Used,1089,6110,191,16
6NXK6MQ3VUNU7B6GW,Tesla,Model S,Electric,2014,Green,147926,Used,1363,97376,188,120
LNHU7SL16A3Z60LAW,Toyota,Camry,Coupe,2010,Gray,145175,Used,1007,31726,89,41
LI52HB9ZIP9B501DX,Honda,Civic,Coupe,2011,White,4317,Used,1396,33740,166,34
NT4W51M4RMC5QWAZ3,Honda,Accord,Sedan,1997,White,23672,Used,1311,11064,89,35
OG6APLW88C3LIJWPR,Nissan,Altima,Coupe,1997,Red,29663,Used,1443,14610,44,17
CDPAWUHX9B1HON94B,Toyota,Camry,Coupe,2001,Blue,105761,Used,1331,12398,50,17
XMZFCRMUP77ILCHYO,Nissan,Maxima,Sedan,1995,Green,86347,Used,1407,13115,77,20
5F4H0TESDZR45RJR6,Nissan,Altima,Coupe,2013,Gray,26,New,1375,20061,129,30
37XL0INKR580DQDHN,Ford,F150,Truck,2002,Red,110129,Used,1178,13751,154,13
9H5SP7XXO8BOQ2QZK,Ford,F150,Truck,2014,Black,0,New,1277,38632,104,12
73O8JS5TXQG5FCGBL,Honda,Civic,Sedan,2006,Red,5837,Used,1248,23415,160,31
L5AY2O3ZL68NOS09U,Volkswagen,Passat,Sedan,1990,Blue,37754,Used,1030,8641,54,12
WSET6ZB3LBHL1TG00,Volkswagen,Jetta,Sedan,2012,Red,104915,Used,1274,24430,181,28
DPDGA9TTDUVGUX99Y,Honda,Accord,Coupe,2010,Red,107026,Used,1148,16797,56,22
LREDVVI0BFSIGCHIM,Honda,Civic,Coupe,2006,Green,5947,Used,1472,21854,94,19
CETGGG0YFVASJQRFY,Tesla,Model S,Electric,2010,Black,35194,Used,1329,74052,100,132
9X6GZHXESY58AI24K,Nissan,Altima,Coupe,2012,Red,63828,Used,1337,19467,42,40
4M8YDQHH26KFDJXI4,Honda,Accord,Coupe,1998,Black,138211,Used,1134,9985,74,36
SHLN94NN7TAFUEEST,Volkswagen,Jetta,Sedan,1995,Black,48389,Used,1349,11481,63,43
894U2HIJ98PNWK0LX,BMW,M3,Sports,1993,Green,138134,Used,1366,10704,111,24
DQNCG3WY566GQ3OF9,Toyota,Corolla,Sedan,2007,White,37575,Used,1469,20755,167,35
9W4HGVKRTIO0JC0RM,Volkswagen,Passat,Sedan,2008,Black,148099,Used,1392,24733,84,37
1OJAPQDVU1CLCAFBA,Ford,Explorer,SUV,1992,White,25664,Used,1218,10518,126,16
JG8KTM3IX6T9R38AP,Honda,Civic,Coupe,2016,White,25,New,1080,21633,171,34
4C1HCE7FWA41034WC,Volkswagen,GTI,Hatchback,2003,Gray,93409,Used,1425,31529,61,28
11ZADUOEAM5WFGC7R,Toyota,Corolla,Coupe,1998,Gray,24684,Used,1073,19680,97,20
7BTD9AFD7ZP8DAMJ5,BMW,M3,Sports,2007,Red,112055,Used,1016,43478,83,24
C50RE98H0WHKMX2IR,Ford,Explorer,SUV,2000,Black,138546,Used,1079,14196,66,20
7ZTY78OF5UG0R41J9,Nissan,Altima,Coupe,2011,Black,104086,Used,1086,11610,112,20
OPZ86F6WQ6ALJVHFA,Volkswagen,Jetta,Sedan,1991,Green,78290,Used,1487,11144,85,44
L1T2Q6XGRPHN40C8Y,Nissan,Maxima,Coupe,1999,Blue,21818,Used,1052,16554,104,36
RI1TK0IAPH4DVWTSA,Honda,Accord,Coupe,1998,Green,65059,Used,1221,15946,41,23
4KYU6ZRIHDBE9XE5P,Nissan,Altima,Sedan,1996,White,57577,Used,1355,8534,140,28
6I6DND8CYPDLIRWKL,Toyota,Camry,Coupe,2009,Green,123117,Used,1187,18750,66,27
OILID55B8XYEXBCMC,Ford,F150,Truck,1991,Green,105011,Used,1155,4266,70,4
51QG36T28CV4NJ7E6,Volkswagen,Jetta,Sedan,2006,Black,55826,Used,1100,38408,143,26
5LV2Y149WO7Z1OQ0W,Honda,Accord,Coupe,2015,Red,53890,Used,1162,22337,83,24
YG7IL1I1TPFWZIBMX,Nissan,Maxima,Sedan,2000,Green,23293,Used,1197,13478,188,42
7Y6RUV0AU5KP8FQ3H,Toyota,Corolla,Sedan,1993,Black,78452,Used,1055,12085,93,22
YEEX69G2HW7MJWXW7,Toyota,Camry,Sedan,2007,White,52258,Used,1210,36671,39,36
V9T5ND0JOTNE5M3RE,Nissan,Maxima,Coupe,2000,Gray,50062,Used,1217,13545,183,29
LNKDTXJYLXT8DRV6V,BMW,335i,Luxury,2001,White,35364,Used,1445,35934,109,24
730EZJQD1N8L2TI4Y,Toyota,Corolla,Sedan,2004,White,54211,Used,1379,22390,142,22
TLIWBPXL4AA6J36LW,Honda,Accord,Sedan,2011,Blue,16517,Used,1245,27559,143,37
V9SOD2Y4J9F4ZW0WU,Nissan,Maxima,Sedan,2012,Blue,86899,Used,1455,29389,88,28
8OEYH7AA042V07WTN,Honda,Civic,Coupe,1991,Green,148520,Used,1249,5915,97,25
3B3HD4MABAFZKRV6H,Nissan,Altima,Coupe,2016,Black,3,New,1243,27129,192,32
HQ72171LF7I4CZBY8,Nissan,Altima,Sedan,1990,Green,3699,Used,1281,7988,133,18
CF7B6O4G21TTXYHNN,BMW,M3,Sports,1999,Green,47889,Used,1057,45182,173,22
FEER506NJE58GEOCD,Honda,Civic,Coupe,1990,Red,144367,Used,1453,4789,77,28
9Q4BLK3ZQI2TEOF0Z,Volkswagen,Jetta,Sedan,1996,Gray,100025,Used,1026,11031,62,14
ANNQ0Q7SD42JZ1QE6,Volkswagen,Passat,Sedan,2007,Blue,23097,Used,1162,43938,107,41
L11YSDXA8FR4EXSD1,Volkswagen,GTI,Hatchback,2008,Green,59875,Used,1450,28010,101,55
G3LUSO2FKY5COSUN9,Volkswagen,Passat,Sedan,2016,Green,14,New,1262,28512,154,29
P4ND543LQHZMPY8Y8,Nissan,Maxima,Sedan,2012,Black,21,New,1359,24588,72,18
7J1Q08NIEGYEJZP1P,BMW,335i,Luxury,2005,Red,52082,Used,1383,40436,51,32
J3KF713V1JZDZIJKT,Honda,Accord,Coupe,2000,White,83308,Used,1176,10323,47,16
4CXD6MY41509S5DUH,Tesla,Model S,Electric,2010,Gray,88676,Used,1485,103519,42,109
ZO3O15WMNU95SJCAC,Tesla,Model S,Electric,1990,Green,47815,Used,1358,15223,195,199
WVGE1U5QEWZO07P85,Honda,Civic,Coupe,2012,Black,4546,Used,1188,28040,172,26
O9B6SV5F2G6NHGTG4,Toyota,Corolla,Coupe,1998,White,139331,Used,1164,14132,50,24
YXLQ4EES3WUE5OV0E,BMW,335i,Luxury,2010,Black,146528,Used,1261,67625,161,16
2GU0HNV5NVVVMJI06,Tesla,Model S,Electric,2013,Blue,6,New,1448,75489,152,91
L65K2EULHC5D66PQM,Toyota,Corolla,Sedan,2004,Green,71198,Used,1229,21753,158,35
86SFAKQVGFUCXO0TV,Toyota,Camry,Coupe,2016,Red,4,New,1043,32362,168,38
9BLDZ1K0QLMJNFI8A,Nissan,Altima,Coupe,1996,Green,4183,Used,1089,9895,87,14
OB7BK0M6P24N5QFJB,Ford,F150,Truck,2011,Red,80501,Used,1127,31941,59,11
RG45SKRLZ0FJMY2XD,Toyota,Camry,Coupe,2003,Red,21710,Used,1278,31180,102,22
9Z6F7DZGDCQ8BUVEY,Tesla,Model S,Electric,2010,Blue,4014,Used,1408,107026,70,105
K56N8N8DNMMXPS8RA,Honda,Accord,Sedan,2016,Gray,10,New,1436,20800,90,44
FE3MEP0H2232IOUQ1,Volkswagen,Jetta,Sedan,1996,White,66637,Used,1240,10880,140,21
9SSWJO3IF21T7PUHS,Volkswagen,Passat,Sedan,2009,White,72908,Used,1262,26116,39,30
2P205SK8CPH04ALGT,Honda,Accord,Coupe,2007,Blue,144488,Used,1404,13653,199,20
OZZ2ZT7Y3Q03DRJIB,BMW,M3,Sports,2005,Blue,11438,Used,1220,49528,196,17
TRLKYE6PJ5BN0KV1B,Tesla,Model S,Electric,1990,Gray,14069,Used,1091,25432,34,83
G5T2QWKBR5XCDUEMJ,Volkswagen,Jetta,Sedan,2003,Black,50315,Used,1104,31552,137,20
1MUIMQG90SEJ8LCJP,Toyota,Corolla,Sedan,1996,Black,91828,Used,1035,8848,150,23
GCKWM7DSQ7B1DTAJ3,Volkswagen,Passat,Sedan,2008,Gray,77630,Used,1344,21028,65,43
H2X5IEBCYT7IUSWKA,Volkswagen,GTI,Hatchback,1990,White,148795,Used,1343,5315,95,55
A1UD9FBNS33DJJ36D,Honda,Civic,Sedan,2012,Green,76081,Used,1338,24963,36,28
LS1M1ODO8L8PQN57O,Ford,F150,Truck,1993,Red,17019,Used,1200,10375,32,6
8BBS2Q0H2195LFEU1,Volkswagen,Passat,Sedan,2001,Black,27175,Used,1235,27298,36,22
17DR4CKV7AWZ72NLY,Toyota,Camry,Sedan,1997,Blue,99985,Used,1492,15529,147,43
Q5YIDPAQ8R9L9RDO9,Volkswagen,GTI,Hatchback,2005,Black,124822,Used,1121,27067,97,44
SEAQPZWCC943ELROR,Toyota,Corolla,Sedan,2016,Blue,17,New,1281,36662,169,42
24BISLNW29YJXZ8H3,Volkswagen,Jetta,Sedan,2016,Black,25,New,1371,58792,140,44
FVQ5S65WQMOXMGV9C,Volkswagen,Jetta,Sedan,2016,Blue,21,New,1277,55408,157,23
MUQQ6T02IHE4BYO3X,Volkswagen,Jetta,Sedan,1998,White,51923,Used,1423,15968,77,25
B9FELVDLF6VL30HX2,Toyota,Camry,Coupe,2006,Red,63636,Used,1174,30600,96,17
IG9BMZ3237RA6ZBPW,Honda,Civic,Sedan,1996,Black,78352,Used,1107,9829,85,17
1S6ZLW39FHQBD8HCD,BMW,335i,Luxury,1995,Blue,83418,Used,1148,14354,73,10
G63L9A9RXY9SP9TWD,Nissan,Altima,Coupe,2012,Black,96388,Used,1353,32620,83,27
FEHWY3C9D7PL6S024,Nissan,Altima,Coupe,1998,Blue,119569,Used,1002,11375,177,41
1NM26RCPHUN1TH637,Nissan,Altima,Sedan,2006,Black,74430,Used,1354,23381,61,26
FT7P3MDZQTYTP13R6,Nissan,Maxima,Coupe,2009,Black,36601,Used,1165,21107,167,42
903X7QH7C0HHPVDK6,Toyota,Corolla,Sedan,1994,Red,121079,Used,1438,5249,34,24
7T2A9AB9CPN2VIMR4,Ford,F150,Truck,1992,Blue,4957,Used,1169,5927,162,13
ZLK124YBNL9CXKLYF,Toyota,Corolla,Sedan,1999,Gray,37981,Used,1102,22579,101,15
WIMR9Z8JHAN14TEWD,BMW,335i,Luxury,2003,Black,36889,Used,1335,49749,198,15
EUDNC7PS47C9PPF0E,Volkswagen,Passat,Sedan,2005,Green,38700,Used,1363,27901,126,31
7YM2ZVCKRUB13NKGX,Toyota,Corolla,Sedan,1990,Black,26531,Used,1117,6337,166,39
36IOKIV0OKASILUIN,Volkswagen,Jetta,Sedan,1991,White,97547,Used,1022,7480,195,12
5NDHG4XU9JIIG2NRN,Honda,Accord,Coupe,2006,Black,42733,Used,1362,14905,51,29
WP4UT2EIWPVQ1NXJF,Toyota,Corolla,Coupe,2004,Black,138740,Used,1481,19448,179,44
XNE2T5N3HU4TECB9U,Honda,Accord,Coupe,1990,Blue,118327,Used,1037,3586,121,13
OOZ3EYGH22UN1LRQ1,Volkswagen,GTI,Hatchback,2013,Blue,62412,Used,1025,51512,73,44
EL0SZAYNGJFCP8S1K,Toyota,Camry,Sedan,1995,Green,123305,Used,1212,7972,120,40
BZKLXF7V9K8LQDY93,Nissan,Altima,Sedan,2002,White,18482,Used,1072,24787,90,34
W4JXAZ90JF7EY9AZK,Ford,Explorer,SUV,2001,Blue,109894,Used,1474,10082,151,29
RQTDRUB2S1PB567PB,BMW,335i,Luxury,1991,Red,91525,Used,1318,16151,159,27
IIACQADEAX9SRGI5S,Toyota,Corolla,Coupe,2002,Green,8181,Used,1449,19844,142,43
YBNEA14ZAYFSWOTBJ,Volkswagen,Jetta,Sedan,1990,Black,124990,Used,1410,7262,193,43
ZOA4QLG16LL6OIJBP,Nissan,Maxima,Sedan,1998,Blue,138210,Used,1322,7401,75,44
BE1QBVT6N1AHJJMRO,Honda,Accord,Coupe,2011,Gray,104755,Used,1154,19166,69,24
9MQ5A6TQCFD9SWNON,Nissan,Maxima,Coupe,2006,Black,29459,Used,1484,24093,76,19
3OG6EQ5EE1IMYMOT8,Honda,Accord,Coupe,1991,White,36973,Used,1120,7433,39,18
NAC7TWP3RL9YZ31JJ,Nissan,Maxima,Coupe,2002,Blue,138189,Used,1232,11538,109,15
QV92JWG92TSBNU764,Honda,Civic,Coupe,1990,Blue,40449,Used,1070,7897,65,17
QF9ZUH1HCFFWC48KA,Honda,Accord,Coupe,1999,Blue,7508,Used,1207,14276,34,20
RXXFLN75TLEU7NVC1,Honda,Civic,Coupe,1994,Red,42938,Used,1090,10375,126,19
7XGVMYMSCWA8EC0VN,Nissan,Altima,Sedan,2015,Gray,89114,Used,1191,32774,192,36
817ML42MH6FYNA3J7,BMW,335i,Luxury,2005,Gray,16152,Used,1011,53922,131,27
1YV9TJYIY6JJUHKBV,Nissan,Altima,Sedan,1995,Gray,149608,Used,1384,8456,73,32
D20MJOBHOWE1YFBO3,Volkswagen,Passat,Sedan,2010,Gray,57761,Used,1499,43976,144,22
RTUZTIJG7XBN6VFQK,Toyota,Corolla,Coupe,1990,Blue,74240,Used,1326,5901,57,15
6XK0L32KVKPKGZ45H,Honda,Accord,Coupe,2003,White,56525,Used,1176,16922,57,19
